"ID","1"
480,16.6874166666667
742,32.313
743,34.5083233333333
744,34.6736
745,27.73615
793,24.0152166666667
794,24.1197333333333
800,31.6062633333333
801,31.0464666666667
802,27.7189633333333
948,20.79565
949,24.7861333333333
954,25.5761666666667
955,31.14375
956,24.5409
1512,15.0643833333333
1513,16.7379166666667
1552,28.1878
1553,21.91265
1554,30.5122666666667
1558,27.0820166666667
1559,22.7156333333333
1560,20.1708333333333
1561,23.83015
1637,27.8121166666667
1638,24.7853666666667
1639,23.8447
1717,14.0020833333333
1718,12.4087166666667
1719,22.6715166666667
1720,23.57565
1721,16.0188833333333
1901,28.3274166666667
1985,34.2684166666667
1986,31.0582
1987,27.2334
1988,22.36055
1989,28.3874
1990,24.8362
1991,25.7693833333333
2037,23.0331
2038,26.7271833333333
2039,22.8611666666667
2040,18.3558
2041,25.34735
2042,28.4649666666667
2043,26.4946666666667
2073,34.7627833333333
2074,33.1314666666667
2075,27.1782
2076,23.0691166666667
2077,23.8292
2078,26.0336333333333
2079,25.9044166666667
2115,31.5208666666667
2116,32.1827166666667
2117,30.4445333333333
2118,24.1007
2119,33.4885666666667
2120,33.76045
2121,32.8521
2147,31.18815
2148,32.5100166666667
2149,35.6603
2180,32.2810833333333
2181,27.89095
2182,34.5937166666667
2183,33.5615833333334
2184,25.9841
2206,16.84545
2207,17.7292833333333
2274,14.4591666666667
2275,25.4507333333333
2316,15.3475666666667
2317,13.6886833333333
2318,15.1901666666667
2319,13.3964666666667
2320,18.5862
2322,18.1406166666667
2323,17.63695
2357,27.46435
2358,31.6235833333333
2360,36.5724833333333
2361,28.19415
2362,27.0810666666667
2363,26.3525833333333
2364,21.1119166666667
2489,14.337
2491,16.5394666666667
2492,16.7344833333333
2493,12.8881666666667
2494,12.6963166666667
2521,25.7610666666667
2522,22.0684666666667
2523,23.1517833333333
2524,26.5738333333333
2525,29.7684833333333
2527,27.5463333333333
2568,26.0636333333333
2570,23.7063833333333
2571,25.7857666666667
2572,21.6935
2573,18.7840333333333
2574,22.3056833333333
2575,23.9519666666667
2605,34.1658166666667
2606,31.9824666666667
2607,29.0520333333333
2608,31.96889
2636,24.65075
2637,23.27745
2638,26.5850166666667
2639,30.9906833333333
2642,28.6594
2643,30.9113166666667
2644,25.8840833333333
2672,27.5976166666667
2673,32.1692666666667
2674,28.6523666666667
2676,22.7948
2677,26.1096
2678,20.7623833333333
2679,25.3562833333333
2712,15.1545333333333
2717,29.1165466666667
2718,30.4410666666667
2719,29.87995
2749,22.6998333333333
2751,29.2147
2752,26.0263333333333
2771,12.0364166666667
2772,14.5506666666667
2773,13.5745666666667
2774,14.1925666666667
2776,17.7762
2777,15.7295833333333
2778,14.0008
2842,31.3478833333334
2843,32.77105
2844,26.6955833333333
2845,30.64103
2881,33.4014666666667
2882,33.2763666666667
2883,30.4914166666667
2884,29.5449666666666
2885,20.6379833333333
2886,27.8668833333333
2887,34.0051333333333
2918,32.9946
2919,33.9261666666667
2920,33.3811
2921,30.32525
2922,35.4382333333333
2952,36.1762
2953,33.0578333333333
2954,30.1249333333333
2955,28.3323833333333
2956,31.78605
2957,33.4901166666667
3026,35.5162333333333
3027,33.63885
3028,28.3662666666667
3029,34.4510333333333
3030,25.7125833333333
3031,24.65085
3184,37.0923666666667
3185,34.4648
3186,32.5859666666667
3187,23.90645
3188,25.3680833333333
3189,31.4809333333333
3190,24.6102666666667
3395,28.8628
3396,28.6767833333333
3397,30.0405666666667
3398,23.1134666666667
3399,29.3533333333333
3400,26.0105166666667
3401,22.9149833333333
3436,28.3204833333333
3437,23.8948166666667
3438,21.8076833333333
3439,30.8975833333333
3440,26.0263333333333
3497,23.9025166666667
3498,22.29345
3499,20.09695
3500,22.6646333333333
3501,25.3350333333333
3502,22.3232333333333
3503,18.5182333333333
3588,17.8791
3589,17.3023833333333
3590,18.2166
3623,33.4401833333333
3624,28.3015333333333
3625,30.79725
3626,25.8051333333333
3627,26.8404166666667
3652,16.8641166666667
3653,13.78645
3654,16.1618666666667
3659,14.2329166666667
3660,14.08825
3661,14.8290333333333
3687,14.0162666666667
3688,19.0427833333333
3689,20.6704666666666
3690,20.0631166666667
3695,18.6834333333333
3696,20.3310166666667
3697,24.3312333333333
3721,14.8855666666667
3722,32.6374666666667
3723,29.5586
3724,27.9995333333333
3725,28.8694333333333
3726,23.4066
3727,29.98775
3755,21.3301833333333
3756,17.5233
3757,24.4125166666667
3758,22.8662
3759,25.7247333333333
3760,30.05985
3761,28.1944833333334
3790,36.92795
3791,38.0955666666667
3792,35.50835
3793,28.2995333333334
3794,29.7976666666667
3795,24.6244166666667
3796,29.2175333333333
3821,27.6253166666667
3822,26.7700166666667
3823,30.74675
3825,24.1473333333333
3826,21.48015
3827,27.6528
3828,29.5324
3852,16.7545
3853,14.2889666666667
3854,15.6865666666667
3910,20.3328666666667
3911,15.0448333333333
3912,19.70325
3914,18.4193833333333
3915,17.8515333333333
3916,15.6947166666667
3917,13.5983666666667
3918,13.86465
3919,15.7844166666667
3921,19.4707333333333
3922,18.63475
3923,21.1057666666667
3971,15.7323166666667
3972,19.18135
3973,22.99815
3975,20.1764666666667
3976,20.8440833333333
3977,13.4860166666667
3978,19.12895
4001,21.0302
4002,22.67565
4003,27.5385
4004,24.6668166666667
4006,33.03695
4007,29.5454666666667
4008,27.9861333333333
4026,36.6692833333333
4027,33.7339166666667
4028,33.8240166666667
4029,29.0195
4030,30.0947
4031,34.0063166666667
4057,29.0917166666667
4059,31.6452
4060,26.3777666666667
4061,23.9918666666667
4062,24.2488666666667
4063,21.8999333333333
4064,27.7591333333333
4095,33.8886166666667
4096,34.5671
4097,34.1473833333333
4098,31.1370166666667
4099,30.62195
4100,31.2136166666667
4156,27.8538333333333
4157,26.7007666666667
4158,23.2025833333333
4159,21.3435333333333
4160,26.9178333333333
4161,23.8610833333333
4184,25.4275333333333
4185,26.4235666666667
4186,25.0454
4187,24.01555
4188,24.4627166666667
4189,23.2069166666667
4190,29.0386666666667
4268,30.6324833333333
4269,28.7628333333333
4270,28.85285
4271,24.6161
4272,22.0561166666667
4273,28.5130333333333
4274,22.37845
4291,20.1471833333333
4292,21.15395
4298,25.7245166666667
4332,26.7906333333333
4333,32.1797166666667
4334,32.1585666666667
4335,26.75685
4336,28.9553833333333
4337,29.6370833333333
4338,28.8744166666667
4379,20.2094333333333
4380,15.8560833333333
4381,14.6935833333333
4382,22.2179333333333
4383,25.2917333333333
4384,26.3226166666667
4385,29.66205
4415,21.72055
4416,17.4785166666667
4417,19.4337166666667
4418,17.8393
4419,13.1364
4420,14.13315
4421,14.6183
4450,21.1540166666667
4451,19.9607833333333
4452,20.3200833333333
4453,22.9484166666667
4454,27.3916
4455,26.2749666666667
4456,26.1687166666667
4481,19.8233333333333
4482,24.3045333333333
4483,19.2553166666667
4488,21.29385
4489,19.0862666666667
4490,18.4852166666667
4534,15.4182
4535,14.9272
4536,14.7671166666667
4537,15.8302
4540,19.3282333333333
4541,19.7849833333333
4542,15.2557666666667
4580,28.3957833333333
4581,31.8840666666667
4582,30.98825
4586,20.3583666666667
4587,24.4042
4588,20.0914666666667
4589,19.6544833333333
4603,25.3593333333333
4604,24.1398
4605,25.2224166666667
4606,21.2312666666667
4609,25.4958833333333
4610,28.0204
4611,32.0831833333334
4614,15.4896
4651,26.4844333333333
4653,27.5303166666667
4654,27.3205166666667
4655,21.5425666666667
4656,27.2784666666667
4657,22.42005
4658,19.24165
4678,34.5722666666667
4679,33.0992
4680,34.7627
4681,29.6174833333333
4682,27.55465
4683,25.24275
4684,24.8743166666667
4700,26.43655
4701,29.1328666666667
4703,32.57375
4704,32.77415
4722,27.8273833333333
4723,30.3741333333333
4725,25.8363166666667
4726,25.0559833333333
4727,25.58715
4728,20.5118333333333
4729,21.8230333333333
4749,24.2340333333333
4751,25.22845
4752,20.8144666666667
4753,18.4259833333333
4754,20.74
4755,17.8474
4756,19.99665
4784,14.6354
4785,13.5956666666667
4786,14.2961333333333
4787,12.5219
4788,13.6318666666667
4789,16.5224166666667
4791,17.51955
4824,27.4913833333333
4826,26.7455333333333
4827,29.1519666666667
4828,21.9936166666667
4829,21.8637166666667
4830,23.1536333333333
4831,26.5750666666667
4866,36.1282333333333
4867,29.9996166666667
4868,34.7991166666667
4869,33.8480333333333
4870,29.4922666666667
4871,29.8914666666667
4905,23.2898166666667
4906,22.2803833333333
4907,23.9671833333333
4909,23.0721
4910,21.7243
4922,24.3150333333333
4923,22.2524166666667
4924,21.0414
4925,22.1289833333333
4927,28.9055
4928,28.2816333333333
4929,25.7842
4963,27.7410833333333
4964,23.4873666666667
4965,24.1828666666667
4970,18.9620833333333
4971,21.72685
4972,19.20805
4973,20.2028
4979,20.4567
4980,14.2376666666667
4981,20.6255
4992,31.6035833333333
5004,21.6608
5005,21.4508666666667
5006,22.57865
5007,22.11715
5009,25.0047333333333
5010,25.0332666666667
5011,25.2727833333333
5021,19.53305
5022,19.3409333333333
5023,17.6335666666667
5025,18.8732333333333
5026,17.2001166666667
5027,17.85335
5028,18.6074666666667
5067,30.7203166666667
5068,26.6413
5069,26.11975
5082,27.9372166666667
5083,22.8647166666667
5084,27.5499333333333
5086,22.0369666666667
5087,25.3303166666667
5088,21.12525
5089,22.1974333333333
5090,26.7142166666667
5091,27.7144833333333
5092,26.8328833333333
5093,25.4604
5094,31.5079666666667
5095,34.3578166666667
5096,30.0017
5110,30.77995
5111,28.5689333333333
5112,32.3852833333333
5114,21.1825166666667
5115,25.3271833333333
5116,21.9302833333333
5134,32.78055
5135,28.2487
5136,28.1485666666667
5137,25.1604666666667
5138,25.6974166666667
5139,20.10425
5140,21.3678
5151,21.0494333333333
5152,20.9677
5153,22.3238333333333
5154,22.2375666666667
5155,23.3225
5156,24.1161166666667
5157,24.20365
5169,21.5362666666667
5170,21.0939666666667
5185,23.3297166666667
5186,24.1015833333333
5187,24.0308666666667
5193,17.08455
5194,17.3069666666667
5201,20.3052666666667
5202,21.5291
5208,26.0948
5209,31.5091166666666
5222,29.7622666666667
5223,29.6528333333333
5224,31.46165
5226,24.8574666666667
5227,24.4229833333333
5228,26.4489333333333
5229,25.18055
5230,23.8087166666667
5231,19.40375
5232,21.1128
5233,15.4123333333333
5235,19.91885
5236,21.6199333333333
5237,23.9664833333333
5268,27.3556166666667
5269,29.22955
5270,32.0352
5272,22.5180833333333
5273,24.5800166666667
5274,29.5791833333333
5275,26.0233666666667
5302,34.1956333333333
5303,32.37525
5304,34.5818
5305,33.2736
5306,30.4442333333333
5307,29.0038
5308,26.0272166666667
5310,24.0543333333333
5315,33.93425
5316,29.1577
5317,33.39315
5318,35.3254333333333
5319,30.1298333333333
5332,34.5180166666666
5333,31.8028
5334,35.2455
5335,34.5111833333333
5336,32.1205833333333
5337,29.50455
5352,27.14145
5353,26.1234
5355,24.4793833333333
5356,24.7931166666667
5357,25.2895833333333
5358,25.4046833333333
5359,22.79745
5360,21.3994833333333
5361,17.2017166666667
5362,20.00825
5364,23.7167333333333
5365,20.50115
5384,21.3179666666667
5385,19.8042
5387,20.0694833333333
5388,26.8928
5389,32.0248666666667
5399,30.2564
5400,30.9861333333333
5401,36.8958833333333
5402,25.3383666666667
5403,22.6727166666667
5404,28.8199833333333
5405,27.9049
5418,26.88725
5419,29.8977166666667
5420,31.2157666666667
5422,25.54425
5423,22.5717833333333
5424,22.3894333333333
5425,23.8264666666667
5426,22.2575333333333
5427,22.92055
5429,22.7248
5430,24.57775
5431,24.9921666666667
5436,27.2001666666667
5437,25.1044333333334
5438,21.32205
5439,21.0345
5445,26.2833833333333
5446,26.9751
5447,24.2626166666667
5449,27.1495166666667
5450,28.5853166666667
5473,20.8706833333333
5474,23.3337333333333
5475,18.7494666666667
5476,30.1556833333333
5477,26.8468833333333
5501,28.5379166666667
5502,25.4622666666667
5503,26.7459333333333
5504,20.6838666666667
5505,23.8617666666667
5506,23.5866
5507,24.5395833333333
5508,23.8894833333333
5509,26.5503666666667
5510,21.6526833333333
5511,21.7867333333333
5512,25.9196333333333
5513,28.9484833333333
5514,25.2695
5529,29.94045
5530,35.0126833333334
5531,32.207
5532,21.8898333333333
5533,24.5786
5534,26.4217166666667
5535,26.979
5545,33.0970166666667
5546,34.5300833333334
5547,32.2304833333333
5549,27.5660333333333
5550,26.3638666666667
5551,28.36665
5552,23.5738666666667
5564,31.5308166666667
5565,33.1565666666667
5566,30.0762666666667
5567,23.7764
5568,24.0467833333333
5569,26.9221166666667
5570,24.525
5571,15.6248666666667
5572,17.3521833333333
5573,21.02765
5574,21.3532833333333
5587,27.99015
5588,28.5635666666667
5589,29.7894833333333
5590,24.0274666666667
5591,20.9562833333333
5593,24.5436833333333
5594,22.9024166666667
5599,20.2351666666667
5600,19.9008833333333
5601,21.8894166666667
5602,22.8002333333333
5614,23.8990166666667
5615,21.1674
5616,23.3378833333333
5617,22.0914
5618,25.6928
5620,23.91965
5628,25.5049833333333
5629,23.7068333333333
5630,25.5749666666667
5632,23.2614333333333
5633,25.2233
5634,20.64685
5635,23.07185
5636,20.5269166666667
5637,21.2179666666667
5638,23.3183
5639,22.7508166666667
5641,22.9338333333333
5642,23.75355
5643,26.0943833333333
5652,25.5629666666667
5653,25.3613166666667
5654,24.1266833333333
5657,25.1537166666667
5658,25.1432833333333
5663,22.30855
5664,23.38385
5665,22.7112833333333
5666,22.6103
5667,23.5708166666667
5668,23.8171833333333
5669,22.4768
5673,26.4857666666667
5674,25.7672166666667
5676,26.20265
5677,21.9931333333333
5694,22.1112166666667
5695,24.2105833333333
5696,19.74275
5697,22.4187666666667
5698,22.82075
5699,19.2901666666667
5700,19.3571333333333
5713,25.6796166666667
5714,26.4423666666667
5716,20.2079333333333
5717,18.7750666666667
5718,27.2309833333333
5719,24.42555
5720,24.2164
5721,23.2937166666667
5722,24.7722666666667
5723,23.1403666666667
5724,22.21135
5725,23.5678
5727,25.1548
5728,27.25615
5736,23.15045
5737,21.7357333333333
5739,19.9683166666667
5740,21.9444666666667
5741,22.5018
5742,20.3182166666667
5743,19.71525
5748,20.54215
5749,21.85995
5750,20.6349833333333
5751,21.0321166666667
5753,23.3261833333333
5754,20.1873166666667
5763,22.1410333333333
5764,21.1527833333333
5765,23.3671
5767,21.0124
5768,18.5221833333333
5769,23.58795
5770,23.024
5775,19.0199333333333
5776,19.6254666666667
5777,20.39095
5778,20.0133
5779,22.8000333333333
5781,22.1481666666667
5782,23.2601
5791,24.8785333333333
5792,26.163
5794,24.8283333333333
5795,22.8118666666667
5796,20.52135
5799,24.0058666666667
5800,22.2016333333333
5801,17.5444
5802,22.2038666666667
5804,24.5167166666667
5805,24.425
5806,23.4915666666667
5815,22.08545
5816,23.1964
5818,24.4239166666667
5819,22.5950833333333
5820,19.89185
5822,23.2202
5823,23.3683
5824,23.3113666666667
5825,22.6172166666667
5827,23.0476666666667
5828,22.8710095238095
5837,25.8592833333333
5839,24.787
5840,17.55315
5841,22.14665
5842,21.8876166666667
5843,21.5331666666667
5844,24.1122166666667
5845,25.2125833333333
5846,24.1870833333333
5847,22.1452
5848,23.5940166666667
5849,25.004
5851,24.7387333333333
5852,25.8427833333333
5863,22.1648833333333
5864,24.6402333333333
5866,24.6544666666667
5867,21.9450833333333
5868,24.21705
5869,22.0360333333333
5870,23.0532333333333
5871,23.3428
5872,22.0172333333333
5873,21.3621333333333
5874,24.6619
5876,23.3432333333333
5883,25.03445
5884,26.24695
5886,23.4109166666667
5887,21.73845
5888,24.40665
5889,23.3356666666667
5890,25.9618333333333
5891,22.0884166666667
5892,23.7201833333333
5893,23.50535
5894,22.3243833333333
5895,22.9121
5896,25.2868
5898,24.3952952380952
5905,24.6144833333333
5906,23.63755
5908,23.63385
5909,22.6112333333333
5910,26.7152666666667
5911,23.374
5912,25.9495
5913,23.7244333333333
5914,24.1237666666667
5915,24.4498833333333
5916,21.3147
5917,18.6043666666667
5919,23.1832166666667
5920,23.4492833333333
5926,31.09395
5927,26.8487
5928,27.5222333333333
5929,22.9035666666667
5930,27.7887
5931,29.006
5932,29.786
5942,28.6130333333333
5943,34.2234666666667
5944,34.5204
5945,27.7687833333333
5946,26.6688833333333
5947,27.7379833333333
5948,24.0298333333333
5957,27.93925
5958,28.0152166666667
5959,30.58665
5960,31.9848333333333
5961,34.0704
5962,22.0174833333333
5963,19.9292166666667
5970,22.89715
5971,23.6253
5975,27.97005
5976,23.4338166666667
5977,23.6137833333333
5978,24.58175
5979,26.3944833333333
5980,26.14695
5981,27.3533333333333
6001,22.5245666666667
6002,23.18555
6003,26.9012333333333
6004,23.1663166666667
6005,22.4475166666667
6006,22.9786166666667
6007,20.6077
6008,23.0144833333334
6009,27.5427
6010,23.5026333333333
6011,24.7527833333333
6012,24.7328
6013,26.3784666666667
6014,25.8958333333333
6017,25.1717333333333
6018,26.2246833333333
6019,26.4007333333333
6024,24.2982833333333
6025,23.1140833333333
6026,20.4211166666667
6027,18.8061833333333
6028,19.52095
6029,20.63105
6030,21.8385666666667
6036,21.53985
6037,21.1746
6040,26.3620833333333
6041,23.6946666666667
6046,22.0411333333333
6047,27.6648833333333
6048,29.9311333333333
6049,28.2389
6050,29.5131666666667
6051,25.16955
6052,23.1552666666667
6053,23.56845
6054,25.6569666666667
6056,25.88985
6057,26.7143666666667
6058,27.1177
6061,26.3971833333333
6062,23.69975
6067,21.6653333333333
6068,23.4354833333333
6069,22.8889166666667
6070,22.5758
6071,23.4500166666667
6072,23.8142166666667
6073,23.4577833333333
6074,24.3368333333333
6078,23.4345833333333
6079,25.0219833333333
6082,26.07335
6083,26.09065
6084,25.9603833333333
6085,25.2079
6086,27.5769833333333
6087,25.1833
6088,26.6238
6089,25.7150833333333
6090,25.9292166666667
6091,24.89825
6092,26.32825
6093,26.0077
6094,27.3350666666667
6095,25.4162666666667
6096,22.1247166666667
6097,9.98866666666667
6098,27.1410666666667
6099,21.5592166666667
6100,25.8553833333333
6101,22.86315
6102,25.0971
6103,22.4198666666667
6104,26.9531666666667
6105,24.0937166666667
6107,26.9911
6108,26.2693166666667
6109,26.24425
6110,26.8357
6111,26.5632166666667
6112,26.0774333333333
6113,24.40065
6114,25.5767833333333
6115,18.9831333333333
6116,29.28555
6117,27.1351
6118,19.4039333333333
6119,26.5301666666667
6120,23.6733333333333
6121,27.2963166666667
6122,23.3260833333333
6123,27.8886166666667
6124,28.3772666666667
6125,25.4767166666667
6126,25.1266
6127,26.1205833333333
6128,24.5114833333333
6129,25.3925833333333
6130,23.0917666666667
6131,26.8007833333333
6132,26.99575
6133,26.2922
6134,24.8904833333333
6135,22.6326
6136,27.7353666666667
6137,27.5192166666667
6138,26.9990833333334
6139,24.98125
6140,25.89855
6141,25.4103166666667
6142,28.4254666666667
6143,24.9434166666667
6144,25.0183666666667
6145,28.6024833333333
6146,25.6506166666667
6147,26.0132904761905
6148,24.9360666666667
6149,25.7532166666667
6150,27.5919666666667
6151,26.0774333333333
6152,24.40065
6153,25.5767833333333
6154,18.9831333333333
6155,29.28555
6156,22.1086833333333
6157,8.61778333333333
6158,24.8635333333333
6159,25.7814166666667
6160,27.1487333333334
6161,26.4133333333333
6162,27.2908333333333
6163,27.3413666666667
6164,25.8989833333334
6165,25.5147333333333
6167,25.9031833333333
6168,26.0418714285714
6169,23.3497166666667
6170,24.9324833333333
6171,25.94875
6172,23.7781333333333
6173,23.9162
6174,26.7987666666667
6175,25.3602
6176,25.8351833333333
6177,25.3504666666667
6178,27.0826333333333
6180,24.5658333333333
6181,22.9151166666667
6182,27.0343166666667
6183,25.7756666666667
6184,24.8778333333333
6185,25.9476166666667
6186,18.0275333333333
6187,26.7224333333333
6188,27.0362333333333
6189,26.6975666666667
6190,27.8063666666667
6191,25.85755
6192,26.0262666666667
6193,23.3789666666667
6194,25.0828
6195,11.6718333333333
6196,20.5096833333333
6197,23.9674666666667
6198,28.8267
6199,27.4825666666667
6200,25.7755333333333
6201,26.3136666666667
6202,28.8321666666667
6203,20.102769047619
6204,21.3179333333333
6205,24.9407333333333
6206,29.2846666666666
6207,25.94245
6208,23.0065166666667
6209,25.7987333333333
6210,26.9616333333333
6211,26.71775
6212,26.6877833333333
6213,26.3197666666667
6214,27.2239833333333
6215,23.7087333333333
6216,26.8077
6217,7.78831666666667
6218,26.2046
6219,25.9916833333333
6220,24.1807833333333
6221,24.43155
6222,24.6084833333333
6223,21.9941
6224,22.8909833333333
6225,26.9205833333333
6226,25.0387166666667
6227,19.4879666666667
6228,26.2274166666667
6229,25.1476833333333
6230,8.37801666666667
6231,23.5309666666667
6232,27.1653666666667
6233,19.1962166666667
6234,25.6562833333333
6235,8.55623333333333
7041,15.9447666666667
7042,15.2393166666667
7043,15.8697666666667
7044,17.6516833333333
7045,15.7550333333333
7046,13.59385
7047,14.79285
7656,22.0533666666667
7657,17.11835
7658,23.50895
8092,28.5363833333333
8093,31.4246233333333
8094,32.1362366666667
8095,29.8026633333333
8096,25.7844166666667
8097,29.3500166666667
8098,27.8747666666667
8248,31.0281066666667
8249,29.2343166666667
8250,31.1895866666667
8406,28.2553833333333
8407,33.1392066666667
8408,28.1564166666667
8409,29.31905
8410,25.2143666666667
8411,26.4797333333333
8412,29.5017666666667
8637,24.1431166666667
8638,21.5681333333333
8639,19.0939333333333
8640,21.7887333333333
8641,27.3179333333333
8642,31.1928666666667
8643,31.61245
8698,25.06894
8699,28.0388233333333
8700,28.5743333333333
8701,22.6948
8702,21.8102
8703,20.4371
8704,23.9984833333333
8885,15.4032166666667
8902,23.4552333333333
8903,27.2493166666667
8904,24.67675
9051,22.03445
9052,14.5538833333333
9053,23.6208333333333
9054,24.4966166666667
9055,11.6548333333333
9056,19.8688166666667
9057,24.7226833333333
9058,22.3050166666667
9363,37.5357833333333
9364,33.8524666666667
9365,30.7068666666667
9366,28.2418833333333
9367,36.74975
9368,34.03385
9386,15.6077833333333
9387,13.12085
9388,17.3112
9389,20.6759333333333
9391,19.9510833333333
9412,18.2623666666667
9414,17.0374333333333
9415,16.4003
9416,16.1242166666667
9417,15.9519666666667
9418,20.0072166666667
9419,15.7537666666667
9434,18.8594
9439,36.57945
9440,30.11305
9441,40.4126666666667
9442,38.2793833333333
9459,34.5707166666667
9460,41.28565
9461,39.7835
9462,35.4643166666667
9463,29.8083
9464,38.2687666666667
9479,15.5915666666667
9480,20.9167833333333
9481,18.3427666666667
9482,18.695
9524,34.0792
9525,39.4074666666667
9526,38.85975
9527,33.6271666666667
9528,28.4680333333333
9529,28.3610333333333
9545,18.8627166666667
9551,34.7882833333333
9552,36.8268333333333
9569,17.2869333333333
9570,16.3982166666667
9576,21.75075
9577,20.4016333333333
9578,19.4464
9630,14.7103833333333
9643,29.0635333333333
9644,25.70835
9645,27.3370833333333
9650,25.09735
9651,24.7908333333333
9668,22.6470833333333
9669,25.4157666666667
9670,24.398
9673,34.68965
9674,26.3752333333333
9675,36.0794
9694,17.9019166666667
9699,38.2373
9700,38.2424333333333
9701,36.963
9721,20.7481333333333
9723,14.0088333333333
9724,15.9833166666667
9725,36.1435833333333
9741,14.8446333333333
9742,19.9206333333333
9743,16.6551833333333
9745,18.02285
9754,13.2512333333333
9756,16.0852333333333
9757,14.9811
9758,14.75255
9759,13.5914
9825,38.6285333333333
9826,37.9982666666667
9827,33.2688666666667
9828,37.76775
9829,38.3427
9864,34.7360166666667
9865,39.7149666666667
9866,36.50345
9867,33.4903833333333
9868,38.4228333333333
9884,14.9372
9885,19.2570333333333
9886,20.1680166666667
9888,17.5942666666667
9893,34.1275166666667
9913,19.9228166666667
9915,16.7488333333333
9916,15.2877
9917,34.06655
9918,34.4412
9919,35.2447166666667
9939,41.1455333333333
9940,44.4716
9941,41.1497666666667
9942,34.5417833333333
9943,35.45605
9944,31.6011666666667
9945,26.6821333333333
9962,14.7430333333333
9963,15.7159833333333
9964,23.9502
9966,22.28245
9967,21.66715
9989,19.1058333333333
9990,28.9950833333333
9992,24.4451166666667
9993,16.21715
9994,17.8968333333333
9995,18.66275
10014,37.1165
10015,44.4045833333333
10016,42.6170333333333
10054,26.8583
10055,32.6866666666667
10056,28.7311
10058,16.13175
10059,20.0130333333333
10060,22.8776333333333
10099,31.2512
10100,37.56835
10101,36.7448666666667
10102,31.0500166666667
10103,22.8653166666667
10126,17.6225833333333
10131,37.8079833333333
10132,40.1540666666667
10133,36.0059333333333
10155,40.2179833333333
10156,33.3556333333333
10157,36.6731166666667
10158,32.97225
10159,37.3045
10160,32.5790333333333
10176,28.0625166666667
10182,30.7541666666667
10183,32.7909
10184,35.2465
10200,17.3069166666667
10201,16.6165333333333
10202,15.57945
10208,19.5219833333333
10209,16.2639
10210,17.3188333333333
10221,29.3012333333333
10227,37.5555833333333
10228,40.3897833333333
10229,37.6230666666667
10247,40.8542666666667
10248,41.88185
10249,33.7711666666667
10250,36.3619166666667
10251,37.5131833333333
10252,29.7702666666667
10279,22.0558166666667
10281,38.32395
10282,34.9746
10283,36.96045
10284,37.27325
10312,29.777
10313,29.4411
10314,29.0986
10317,38.6051166666667
10318,35.8180333333333
10319,33.6527
10320,37.7117333333333
10349,36.32295
10350,34.5176666666667
10351,40.0673
10352,38.42125
10446,20.59835
10447,16.8525166666667
10448,36.98975
10449,36.7628166666667
10450,33.8492666666667
10531,38.8152333333333
10532,39.9304666666667
10533,32.3411
10534,29.5397
10535,28.5912333333333
10536,35.0374333333333
10576,18.6880333333333
10581,37.2113666666666
10582,37.2318666666667
10633,38.7805666666667
10634,41.1462333333333
10635,40.7717
10636,31.5566166666667
10637,27.1088
10638,28.8973666666667
10639,29.5445
10658,33.8848833333333
10659,40.55415
10660,40.8594833333333
10661,36.6194333333333
10662,37.8671666666667
10663,31.53635
10664,32.7103166666667
10665,17.8511833333333
10666,18.7936333333333
10667,18.3058833333333
10668,17.0523166666667
10669,16.69205
10671,15.8489666666667
10672,17.3141166666667
10720,15.4972333333333
10721,13.27725
10723,17.6491166666667
10724,12.8425666666667
10725,20.3550166666667
10726,21.3605833333333
10727,21.8859
10747,34.99855
10748,38.0960833333333
10749,39.8202
10821,17.8003333333333
10900,17.9731
10901,39.7214333333333
10902,37.1226333333333
10903,33.79205
10963,34.335
10964,32.4064166666667
10965,35.3603666666667
10966,38.5985333333333
10967,28.7839857142857
11144,16.0146
11174,35.7743
11175,32.44825
11176,32.4827833333333
11178,31.1017333333333
11179,21.7546833333333
11180,25.594
11212,37.8055833333333
11213,34.0007666666667
11214,33.7725333333333
11215,30.3511833333333
11274,28.3693333333333
11275,24.8340666666667
11276,18.6336666666667
11277,27.7743
11279,31.17845
11280,25.26935
11306,27.0623166666667
11307,30.9541166666667
11309,26.8941166666667
11310,17.7858833333333
11311,17.2599333333333
11312,25.1707166666667
11313,28.0137666666667
11334,33.5443333333333
11335,37.4918166666667
11336,32.46425
11337,31.5667666666667
11338,25.8766166666667
11339,32.3019333333333
11340,19.0259833333333
11341,20.2105666666667
11342,20.44315
11343,19.1633833333333
11344,24.0458
11345,21.9471333333333
11346,26.6025166666667
11378,27.8239
11379,23.51285
11380,27.4605333333333
11381,22.6249666666667
11382,19.6989666666667
11383,19.85425
11384,19.7554333333333
11409,24.4977666666667
11410,28.2752166666667
11411,29.2367
11412,29.0669666666667
11440,26.9503666666667
11441,23.9622666666667
11442,23.7022333333333
11443,19.8081333333333
11465,25.6672
11466,26.85775
11467,19.0609666666667
11468,32.87845
11499,35.8790166666667
11500,31.5633666666667
11501,29.0133833333333
11502,33.2411833333333
11503,24.9289333333333
11504,21.0818333333333
11505,19.5630666666667
11690,38.3168166666667
11691,26.1463166666667
11692,38.5875
11693,26.6226166666667
11694,28.0409333333333
11941,22.1587333333333
12297,19.2978166666667
12298,15.3043833333333
12299,35.5288166666667
12300,30.5745333333333
12346,16.67465
12347,16.0987333333333
12348,20.2203166666667
12349,13.10995
12350,14.8357166666667
12351,13.9567
12505,13.48635
12506,11.7304666666667
12566,33.6001666666667
12567,31.4343666666667
12568,32.093
12572,29.1616666666667
12627,33.7779666666667
12628,36.6416166666667
12629,26.6680166666667
12630,30.29195
12672,38.7408833333333
12673,33.7648833333333
12675,41.6990333333333
12676,31.1001
13272,29.5080333333333
13274,29.7966
13275,33.4363333333333
13276,24.9437
13277,24.7223166666667
13278,26.8781333333333
13279,20.1982166666667
13398,23.7668166666667
13399,17.3191
13401,26.7185
13407,27.7306333333333
13408,36.4077666666667
13546,18.1911166666667
13548,35.0973833333333
13549,38.42065
13550,36.49645
13588,23.51645
13589,24.3444166666667
13590,19.9289166666667
13592,29.9023166666667
13593,28.98925
13594,27.70365
13653,36.1115
13654,32.4031333333333
13655,39.8827666666667
13727,24.5019
13728,21.8494166666667
13729,24.8760833333333
13735,18.6735166666667
13736,14.6698
13737,24.05855
13738,24.0379833333333
13884,16.4819666666667
13885,17.4589833333333
13886,12.0906833333333
13887,13.27495
13888,22.7187166666667
13889,17.73795
13890,21.4222833333333
14030,27.7760833333333
14031,32.7356
14032,34.60205
14033,28.416
14315,16.221
14316,29.8738166666667
14317,28.4330166666667
14360,34.41435
14361,36.5552333333333
14362,30.9879833333333
14363,30.8514166666667
14364,30.7744
14365,33.0859
14469,24.5034833333333
14474,33.27
14475,28.8165333333333
14476,33.6180833333333
14477,27.4633333333333
14537,14.68405
14643,15.7888
14644,14.0093
14645,20.3773833333333
14763,26.1741
14764,24.9100833333333
14765,28.4859333333333
14771,21.6920166666667
14772,22.7796666666667
14773,17.6778166666667
14774,21.68575
15109,16.5497666666667
15110,12.2831833333333
15111,16.3584333333333
15327,24.1575
15328,24.4092166666667
15329,34.6647
15331,19.4278833333333
15332,25.5019833333333
15333,23.7943166666667
15334,27.3058333333333
15395,16.9152833333333
15486,30.37515
15488,29.21035
15489,27.0648
15490,25.18285
15491,21.94405
15492,22.8646833333333
15493,21.9224
15579,36.0570333333333
15614,28.3593
15615,24.1173166666667
15617,30.6714833333333
15618,23.70065
15619,20.7205333333333
15620,23.4863666666667
15621,23.9153
15668,35.7957
15670,36.8979166666667
15671,31.85085
15672,33.77065
15673,25.9947
15674,28.36895
15758,24.83885
15763,38.4671
15764,33.8702666666667
15765,32.2009
15808,29.0745
15809,40.3942333333333
15810,30.1387333333333
15811,27.73645
15812,30.5883666666667
15869,32.3620166666667
15870,35.6670833333333
15872,40.3082
15873,26.34815
15874,26.3863
15875,26.1795833333333
15907,34.7624
15908,39.8440166666667
15909,37.0371166666667
15910,32.3032333333333
15911,31.2164666666667
15912,30.82735
15913,22.9330666666667
15941,36.57295
15942,37.0268333333333
15943,33.9861666666667
15944,27.1488333333333
15945,26.34455
15946,34.19155
16015,35.5749166666667
16017,28.1300833333333
16018,32.9874166666667
16019,28.2352
16020,29.3714666666667
16021,19.7208
16022,24.7938666666667
16065,26.3720166666667
16070,39.2162
16071,38.9444333333333
16130,29.6682
16131,24.9974333333333
16132,24.4747333333333
16137,21.5152
16162,26.79215
16163,23.33075
16166,29.4442833333333
16167,25.6661833333333
16168,33.3352
16196,33.5046833333333
16197,26.8892666666667
16198,29.7044666666667
16202,21.9051333333333
16203,30.1941166666667
16204,21.2155333333333
16205,20.27485
16262,19.2606
16263,26.3080833333333
16265,29.3575833333333
16266,37.4288666666667
16267,36.608
16294,22.9899
16295,26.4267166666667
16296,20.7553
16297,15.5243333333333
16299,32.4865
16300,31.8971666666667
16301,28.22035
16556,33.9866333333333
16557,39.7176833333333
16558,32.9626
16559,27.0414333333333
16649,30.3189333333333
16650,25.4154166666667
16651,31.3246666666667
16652,31.0801166666667
16653,25.6956
16654,24.82775
16655,25.4338666666667
16656,25.0945166666667
16657,31.1592666666667
16774,20.8574
16823,28.8932833333333
16824,31.2289
16825,33.1388333333333
16826,26.5968833333333
16827,33.43055
16828,31.1577
16829,28.2538833333333
16830,30.21165
16831,31.5047166666667
16832,24.5594166666667
16843,16.9334166666667
16860,20.72655
16862,21.5063
16863,23.1396666666667
16864,19.6035
16865,25.8886
16866,22.9545333333333
16867,26.5416333333333
16868,20.5243833333333
16869,24.2084666666667
16870,24.6478
16871,22.6588833333333
16872,26.7517333333333
16873,33.42675
16875,29.2820333333333
16878,25.1026166666667
16879,29.9359166666667
16880,29.6689333333333
16881,31.2241166666667
16882,26.48445
16883,32.37655
16884,26.4384166666667
16973,35.7751666666667
16974,32.48035
16975,32.5441666666667
16976,31.6239166666667
16977,28.4002119047619
16978,25.3178261904762
16979,27.2678833333333
16980,26.7991
16981,27.7096333333333
16982,27.3327
16983,28.2188833333333
16984,24.2194952380953
16985,29.0797
16986,34.6226238095238
16987,32.52175
16988,27.4457
16989,32.36045
16990,28.4019166666667
16991,25.72175
16992,27.647494047619
16993,29.6395
16994,27.7538333333333
16995,26.0017142857143
16996,25.6826333333333
16997,31.5496
16998,30.8604833333333
16999,27.6763166666667
17000,28.9868666666667
17001,29.1709333333333
17002,29.5879
17003,29.63385
17004,24.7020666666667
17005,28.4205833333333
17006,24.7873333333333
17007,26.8490333333333
17008,29.6720166666667
17009,23.9107166666667
17010,24.5001833333333
17011,31.4563666666667
17012,29.6415
17013,28.8196
17014,26.4783166666667
17015,27.9478833333333
17016,31.1031833333333
17017,28.63145
17018,28.0829833333333
17019,22.1099333333333
17020,20.7274619047619
17021,26.30485
17022,29.76275
17023,28.3332166666667
17024,30.0570833333333
17025,30.8858
17026,27.6610666666667
17027,30.47335
17028,27.7705833333333
17029,31.3001666666667
17030,28.8449166666667
17031,30.0913333333333
17032,31.9434333333333
17033,30.1498
17034,30.1870880952381
17035,25.7673166666667
17036,23.241119047619
17037,26.4964333333333
17038,29.3003976190476
17039,22.1335523809524
17040,28.3885333333333
17041,32.55475
17042,30.7493333333333
17043,25.8931166666667
17044,31.3805333333333
17045,30.5405
17046,23.8530666666667
17047,29.1460333333333
17048,29.3384666666667
17049,31.3847166666667
17050,22.6311166666667
17051,22.6773
17052,21.5287166666667
17053,20.5157833333333
17054,20.8357833333333
17055,21.5276666666667
17056,22.5458166666667
17057,27.2262333333333
17058,30.6983666666667
17059,29.0289333333333
17060,30.84245
17061,25.6767333333333
17062,25.5813
17063,25.3423833333333
17064,29.9167
17065,24.8712166666667
17066,28.5317
17067,29.4883333333333
17068,31.4107571428572
17069,30.3112666666667
17070,28.2439166666667
17071,25.9787833333333
17072,29.3267666666667
17073,23.368280952381
17074,31.4635833333333
17075,27.9514
17076,30.5540333333333
17077,30.6652333333333
17078,30.8507333333333
17079,31.6421166666667
17080,26.5062833333333
17081,26.7932333333333
17082,19.8282666666667
17083,29.1393166666667
17084,26.2786166666667
17085,31.1482333333333
17086,29.6602
17087,25.201
17088,30.7478166666667
17089,31.9762166666667
17090,27.9083333333333
17091,17.3478
17092,24.6424333333333
17093,26.4702833333333
17094,31.6434333333333
17095,26.7584333333333
17096,29.4293
17097,23.7096
17098,27.4314666666667
17099,19.9199833333333
17100,22.0632166666667
17101,20.1630666666667
18099,14.1799166666667
18100,15.2809833333333
18101,14.43005
18102,27.0632333333333
18103,26.9327333333333
18384,14.8528166666667
18697,28.0111666666667
18838,18.12325
18839,16.2325166666667
18841,19.0078166666667
18846,13.7939333333333
18947,29.8522833333333
18949,32.7514333333333
19662,30.8943333333333
19663,32.6192666666667
19664,26.6147
19665,26.2113833333333
19666,20.4110666666667
19667,20.6488666666667
19668,22.6755
19716,13.545
19717,14.9871333333333
19718,17.34035
19719,17.6049333333333
19720,18.4923
20639,26.8572166666667
20640,29.2522
20641,24.9588833333333
20642,22.4532666666667
20643,19.89815
20682,31.72015
21070,21.6603333333333
21071,17.5534333333333
21072,14.4593833333333
21073,12.1584833333333
21074,14.2789666666667
21075,9.15086666666667
21331,32.3093666666667
21332,30.4210333333333
21333,30.88805
21334,40.3384333333333
21335,32.1016166666667
21338,28.306
21339,27.8633
21345,32.7295166666667
21353,32.54745
21354,33.40875
21355,32.4372
21356,33.1995
21357,37.92085
21358,37.5905166666667
21359,26.7330666666667
21367,36.3181333333333
21368,37.1515833333333
21369,27.4828833333333
21370,32.4896833333334
21371,30.3198666666667
21372,22.93475
21373,30.91605
21374,28.7082
21375,32.4124166666667
21376,31.13985
21377,26.54555
21378,23.9205333333333
21379,31.7511333333333
21380,27.5302833333333
21381,29.1268333333333
21382,28.75155
21383,33.5249833333333
21384,26.6206
21385,31.047580952381
21386,29.0828833333333
21387,26.3502595238095
21388,25.3837
21389,32.0706833333333
21390,30.1590333333333
21391,31.6160833333333
21392,27.18455
21393,14.3720166666667
21783,30.2172333333333
21784,24.6767
21785,23.2487166666667
21786,23.8939
21787,28.7491333333333
22173,25.4875
22174,19.51025
22175,17.8791333333333
22176,14.31235
22177,20.64895
22178,23.9612
22179,29.2300166666667
22246,30.5285
22247,29.0002
22248,23.3558
22249,19.43355
22250,24.6852666666667
22251,28.1666666666667
22252,29.6202
24703,23.19255
24704,23.98655
24705,23.2829166666667
24706,23.82555
24707,24.4431166666667
24775,39.061
24776,24.5083833333333
24777,25.36535
24778,34.2458166666667
24779,35.0329666666667
24780,36.0809666666667
24781,15.0037833333333
24782,18.4261166666667
24783,14.8981333333333
24784,15.68525
24785,14.7486166666667
24786,21.9405833333333
24787,20.0027333333333
24815,35.5011833333333
24816,35.5097833333333
24817,22.9343
24818,22.84545
24819,29.6465833333333
24820,31.3398333333333
24821,32.5930666666667
24830,36.6232166666667
24831,28.7040333333333
24832,36.3410333333333
24833,30.98165
24834,34.2433666666667
24835,31.5743333333333
24836,24.3876166666667
24837,22.7112
24859,23.8044833333333
24860,23.0456666666667
24861,26.4845833333333
24862,27.9041333333333
24863,34.4248666666667
24864,17.1103
24865,19.2797666666667
24866,23.3446666666667
24867,17.63125
24868,22.5134833333333
24869,21.6502666666667
24891,22.9482333333333
24892,21.76875
24893,18.5998166666667
24901,35.3174333333333
24902,42.3928833333334
24903,35.99655
24904,34.6741
24905,25.2369
24906,29.16825
24917,38.94795
24918,29.49135
24919,28.03365
24920,35.1934333333333
24921,35.47855
24932,41.5872666666667
24933,37.44275
24934,36.6637666666667
24935,29.1469333333333
24936,35.4222
24937,33.3586333333333
24938,22.23505
24939,23.6058166666667
24940,29.8147166666667
24947,33.6856666666667
24948,28.97465
24955,23.4567333333333
24956,23.25675
24959,32.7646666666667
24960,37.4625166666667
24961,18.1205666666667
24962,21.36375
24963,19.159
24964,20.5811666666667
24965,19.8211
24966,22.2560833333333
24967,22.7711833333333
24989,18.3225666666667
24990,19.0371
24991,17.0186666666667
24992,17.75835
24993,15.9602166666667
24994,16.4865666666667
25003,38.4506333333333
25004,36.0046833333334
25005,34.49425
25006,31.2789833333333
25007,37.4031
25008,36.1188666666667
25018,33.7485166666667
25019,31.7518
25020,36.734
25021,38.32315
25022,24.2871833333333
25023,21.2057833333333
25024,19.0876666666667
25025,23.7584166666667
25026,21.7818666666667
25031,24.0336166666667
25032,24.1297333333333
25033,24.1936833333333
25045,41.8144833333333
25046,37.9470833333333
25047,38.00515
25048,30.8309666666667
25049,36.4614333333333
25050,35.3589166666667
25051,24.7784833333333
25052,26.60355
25060,34.5941833333333
25061,31.0449333333333
25070,32.2076
25071,41.1914166666667
25072,32.42965
25073,31.0364333333334
25074,34.07385
25075,36.6793666666667
25076,33.86525
25077,17.7493
25078,23.0665333333333
25079,24.5571833333333
25091,29.6791333333333
25092,26.9401666666667
25093,23.0361666666667
25094,21.0765166666667
25095,27.0625333333333
25103,27.51995
25104,29.0584
25106,23.0620333333333
25107,21.1790666666667
25108,23.25845
25109,17.9886
25110,19.9500833333333
25111,17.9443333333333
25114,23.8177833333333
25115,22.3292
25128,22.2211333333333
25131,34.4984333333333
25132,30.8545
25133,34.7315166666667
25134,20.3492333333333
25135,19.75645
25136,19.2143
25137,18.1614666666667
25138,23.0501166666667
25141,25.9561666666667
25142,22.7791
25147,17.9063333333333
25148,29.9422666666667
25151,23.64515
25152,23.9572833333333
25153,23.9495333333333
25154,26.8618666666667
25155,21.3510833333333
25156,24.6686166666667
25159,28.3469
25160,25.51515
25166,22.1242166666667
25167,27.9498833333333
25172,23.5712166666667
25173,19.8771833333333
25176,20.2015833333333
25177,20.08925
25178,19.3688166666667
25179,17.245
25180,23.35185
25184,26.1171
25185,23.5234666666667
25190,21.3863166666667
25191,25.27925
25196,20.5997666666667
25197,21.0925333333333
25200,17.4520666666667
25201,22.3447333333333
25205,24.81795
25206,21.8945166666667
25211,26.5262833333333
25212,29.81875
25220,22.0012666666667
25221,23.4569333333333
25224,20.9401166666667
25225,18.9661333333333
25226,21.7267333333333
25227,23.3384
25228,20.04745
25231,22.5318166666667
25232,26.4653333333333
25238,21.25605
25239,26.66485
25242,37.95715
25243,33.5908333333333
25244,36.1611833333333
25245,22.6511833333333
25246,24.7464666666667
25249,28.9719333333333
25250,25.0659166666667
25254,22.78085
25255,29.645
25256,29.9045166666667
25257,27.7530166666667
25258,30.5772666666667
25259,28.4150166666667
25260,22.4778166666667
25261,24.0733333333333
25262,22.8664166666667
25263,28.6401666666667
25264,30.3469833333333
25275,26.4158
25276,28.32625
25277,28.0662833333333
25278,27.23545
25279,24.7997333333333
25280,21.2960666666667
25281,22.3950833333333
25282,20.88545
25283,25.2846833333333
25284,28.97235
25293,30.0272666666667
25294,28.4937333333333
25295,22.38105
25296,24.4808333333333
25297,21.8518166666667
25305,27.6032333333333
25306,28.2246833333333
25307,25.3314880952381
25308,20.1193666666667
25309,20.1706166666667
25310,26.9143666666667
25311,26.11755
25312,19.7553666666667
25313,20.0072166666667
25314,22.9452
25315,24.0127
25316,25.35185
25327,23.7532333333333
25328,28.0930333333333
25329,24.5756
25330,21.8007
25339,28.7680166666667
25340,22.3510333333333
25341,21.316
25342,22.2349666666667
25343,20.5672666666667
25344,20.1256166666667
25345,19.20725
25346,24.6026333333333
25347,20.46735
25348,26.45415
25349,24.20685
25350,24.1382333333333
25351,18.5316666666667
25352,31.4425833333333
25360,28.972
25361,21.3980166666667
25362,25.5167166666667
25363,23.2472333333333
25364,24.0884666666667
25365,23.1723666666667
25366,21.1443
25367,22.2616666666667
25368,25.8193833333333
25369,23.3388166666667
25376,21.4146333333333
25377,22.1752333333333
25378,22.5809666666667
25379,24.70665
25380,26.9683333333333
25381,26.65685
25382,25.63285
25383,27.8810166666667
25384,23.0969
25385,27.9092833333333
25390,20.0894833333333
25391,21.2741333333333
25392,19.2191166666667
25393,24.8681333333333
25394,19.4951
25395,19.9099
25396,25.5022166666667
25397,25.9383833333333
25401,28.2428333333333
25402,27.7333666666667
25403,28.5392
25404,30.09245
25409,24.75925
25410,23.2248833333333
25411,18.8581833333333
25412,23.7302166666667
25413,23.0292166666666
25414,20.8047666666667
25415,17.8826
25416,20.4117
25417,19.9831
25422,25.5389833333333
25423,22.8608333333333
25424,23.1565166666667
25425,26.3048333333333
25429,22.7117666666667
25430,20.9887166666667
25431,22.898
25432,20.2245
25433,19.4350166666667
25434,20.6730166666667
25435,21.34705
25436,19.09855
25437,19.1227166666667
25438,19.6064333333333
25444,30.5346333333333
25445,22.7727
25446,19.8861666666667
25447,31.3673666666667
25452,23.2777333333333
25453,23.5585666666667
25454,25.3770666666667
25455,24.68645
25456,23.7618
25457,22.8152833333333
25458,21.72525
25459,22.26495
25465,28.2590666666667
25466,24.7396166666667
25467,21.8461333333333
25474,21.0457
25475,21.6158333333333
25476,25.5344166666667
25477,29.5425166666667
25478,22.81475
25479,24.9608833333333
25483,26.9547833333333
25484,26.3914333333333
25485,30.9846333333333
25486,25.6591333333333
25487,26.5813666666667
25488,30.7145833333333
25489,29.1824833333333
25490,27.0661
25491,23.7827
25492,26.9809
25493,26.8835666666667
25494,29.4363833333333
25498,27.1185
25499,26.86505
25501,23.9010333333333
25502,25.7879666666667
25503,29.0541
25504,24.9593833333333
25505,23.9197166666667
25506,27.0603666666667
25507,26.0752833333333
25508,22.8173666666667
25509,21.1262666666667
25511,25.5388833333333
25512,27.669
25517,30.811
25518,28.3837
25520,25.0870166666667
25521,24.8512333333333
25522,25.644
25523,27.16955
25524,23.0777166666667
25525,25.06755
25526,24.55535
25527,23.93375
25529,28.23325
25530,30.4768166666667
25533,28.8399
25534,28.5117833333333
25537,22.8521166666667
25538,24.6548166666667
25539,24.3913666666667
25540,26.4037
25541,23.5344666666667
25542,21.7835833333333
25543,27.0757
25544,25.1160833333333
25545,26.7001
25546,23.33705
25547,19.6450666666667
25548,23.9670833333333
25549,27.50205
25551,25.3152166666667
25552,26.7445
25557,28.14205
25558,25.0565833333333
25560,28.44495
25561,22.9281
25562,19.8766666666667
25563,19.7521166666667
25564,20.1349666666667
25565,27.9142333333333
25566,27.31835
25567,28.2616666666667
25568,29.1120833333333
25569,26.1838666666667
25570,28.0668333333333
25571,30.8595333333333
25572,30.1665166666667
25573,24.0534666666667
25574,27.79055
25575,20.4840833333333
25576,22.4503
25577,25.27975
25578,24.1138
25579,26.24165
25581,26.6068833333333
25582,32.0340166666667
25585,27.3315666666667
25586,27.0946333333333
25587,28.1150666666667
25588,31.8839666666667
25589,32.1103166666667
25590,29.06995
25591,26.4293333333333
25592,24.6321166666667
25593,24.1778166666667
25594,27.7129166666667
25598,21.3514666666667
25599,23.1397833333333
25600,25.1544833333333
25601,27.39295
25602,33.6509666666667
25603,28.6500333333333
25604,27.1734
25605,22.5523833333333
25606,23.2454
25607,28.14115
25608,28.14115
25609,23.2454
25610,22.5523833333333
25611,28.1776333333333
25612,27.1734
25613,28.6500333333333
25614,33.6509666666667
25615,26.9106833333333
25616,27.5092166666667
25617,26.4469
25618,29.6553333333333
25619,25.1062333333333
25620,26.5271833333333
25621,27.0946333333333
25622,27.3315666666667
25623,26.8006833333333
25624,26.8484833333333
25625,28.0223166666667
25626,28.1150666666667
25627,28.8985666666667
25628,28.5906166666667
25629,31.3184666666667
25630,24.9461333333333
25631,22.8295666666667
25632,27.0899166666667
25633,29.07695
25634,30.1718333333333
25635,23.2780333333333
25636,25.84205
25637,25.8043714285714
25638,29.1560904761905
25639,29.8082666666667
25640,28.4659
25641,31.6736619047619
25642,29.1387333333333
25643,25.9618333333333
25644,27.4944071428572
25645,28.2040666666667
25646,24.4983666666667
25647,27.9062
25648,23.234
25649,23.32055
25650,29.8674333333333
25651,29.57985
25652,27.8624333333333
25653,30.2742047619048
25654,24.3474666666667
25655,30.28585
25656,25.5898666666667
25657,23.2971
25658,21.5259166666667
25659,23.4984333333333
25660,27.8720166666667
25661,21.7982666666667
25662,29.0397166666667
25663,29.1986166666667
25664,28.1478
25665,27.8972666666667
25666,26.1208333333333
25667,25.7114
25668,28.66
25669,28.4858666666667
25670,27.6746666666667
25671,25.9067666666667
25672,24.6662833333333
25673,29.9092666666667
25674,27.1076
25675,28.84715
25676,26.4446833333333
25677,27.4788833333333
25678,20.3358833333333
25679,27.1965
25680,24.8110333333333
25682,25.6414666666667
25683,26.6353333333333
25684,24.8367333333333
25685,26.5397
25686,24.3774
25687,24.8240166666667
25688,27.1622
25689,26.47825
25690,30.3481271284271
25691,28.2673
25692,24.8895833333333
25693,27.2509333333333
25694,24.63685
25695,28.2807880952381
25696,29.7208666666667
25697,22.62755
25698,22.83185
25699,25.1386166666667
25700,27.2968
25701,18.4208666666667
25702,26.4542666666667
25703,25.3984
25704,24.4246571428571
25705,28.1178666666667
25706,27.6656666666667
25707,24.70945
25708,29.7952333333333
25709,29.3650214285714
25710,24.7701833333333
25711,29.5168333333333
25712,28.667
25713,28.26425
25714,20.4490880952381
25715,26.1877666666667
25716,29.01665
25717,27.5472904761905
25718,29.24445
25719,27.9946833333333
25720,25.1013761904762
25721,29.0362666666667
25722,29.1120833333333
25723,32.0916
25724,24.0249833333333
25725,28.3094333333333
25726,29.9931928571429
25727,23.0538166666667
25728,28.79015
25729,23.0925666666667
25730,23.3750833333333
25731,30.0982666666667
25732,26.3420333333333
25733,28.9300833333333
25734,30.02605
25735,19.5688166666667
25736,26.1026166666667
25737,22.2648333333333
25738,23.09585
25739,30.3109833333333
25740,28.3073333333333
25743,28.27645
25744,25.0991166666667
25745,28.25775
25746,30.7693833333333
25747,30.2190333333333
25748,28.3847
25749,30.0255
25750,26.18935
25751,20.7475
25752,29.3875833333333
25753,26.8112
25757,24.42515
25758,20.76655
25759,22.6861
25760,23.8421833333333
25761,24.0726333333333
25762,29.61395
25763,30.9677833333333
25764,28.3068333333333
25765,25.7087666666667
25766,27.3197333333333
25767,27.1298333333333
25768,23.4859166666667
25769,24.3545833333333
25770,27.5065666666667
25771,29.0857166666667
25772,27.3140333333333
25773,24.6000142857143
25774,29.2938166666667
25775,27.46775
25776,17.0798
25777,27.42945
25778,33.0542833333333
25779,31.5054166666667
25780,26.32855
25781,26.3967
25785,21.0433
25786,22.1923333333333
25807,22.5221333333333
25808,21.2806666666667
25809,16.55765
25810,19.82665
25811,18.3866333333333
25812,19.30165
25813,18.8864
25814,21.0493833333333
25815,16.65275
25816,24.08095
25837,23.19375
25838,23.7978166666667
25839,20.07365
25840,22.6995
25841,21.2486666666667
25842,23.1319666666667
25843,23.8673
25844,15.4581
25845,27.8090833333333
25854,29.6883166666667
25855,32.49815
25856,18.0152166666667
25857,18.6110833333333
25858,19.0869
25859,17.1247
25866,19.8885
25867,18.2738
25873,26.41825
25880,37.3329
25881,38.0114047619048
25882,35.7179333333333
25883,30.6715833333333
25892,29.9993666666667
25893,35.26585
25894,33.7962333333333
25895,38.2896
25896,36.2531833333333
25906,41.0051833333333
25907,38.9923666666667
25908,37.60245
25909,33.9190333333333
25910,33.93245
25911,33.1941166666667
25912,23.0332
25913,20.7523666666667
25914,21.9367166666667
25925,33.89075
25926,27.7508333333333
25927,22.6023833333333
25933,22.24645
25934,21.1255
25939,30.95965
25940,35.9621833333333
25950,34.6816
25951,35.57485
25952,35.2929333333333
25953,38.0647833333333
25954,38.2421333333333
25959,22.24645
25973,40.9331333333333
25974,38.2907166666667
25975,37.89825
25976,36.3241666666667
25977,36.2058166666667
25978,33.76625
26054,36.9974833333333
26055,39.7666833333333
26056,38.4325833333333
26069,21.8274833333333
26072,22.5324
26073,25.6447166666667
26082,24.1303333333333
26083,21.9774666666667
26086,21.3005666666667
26091,31.4317333333334
26092,31.0166333333333
26205,37.9323833333333
26206,32.1628833333333
26207,32.03085
26208,36.64685
26209,38.8878833333333
26210,33.5139166666667
26211,23.2497833333333
26212,23.4264333333333
26221,39.6083333333333
26222,31.48035
26223,21.2806166666667
26230,19.26415
26231,24.8144166666667
26245,37.5677833333333
26246,33.1951166666667
26247,37.4730833333333
26248,36.3439166666667
26249,29.2840833333333
26250,34.3728833333333
26251,22.0085
26252,22.21785
26262,33.9034666666667
26263,34.24705
26264,15.29245
26265,14.6672833333333
26272,17.0001666666667
26273,16.0596666666667
26285,22.6577833333333
26286,22.4569333333333
26293,21.8729333333333
26294,27.0827
26295,36.3057666666667
26307,34.091
26308,34.8143833333333
26309,34.3235333333333
26310,37.9055166666667
26311,37.2272
26312,34.8162333333333
26313,33.9840666666667
26314,32.08965
26315,28.18285
26316,31.0361833333333
26329,36.5590666666667
26330,38.4704666666667
26332,34.9559166666667
26333,27.75015
26334,32.5779666666667
26335,28.8405666666667
26349,28.7691
26350,24.5913166666667
26351,27.0060166666667
26352,27.2798333333333
26353,26.2122666666667
26354,23.0274333333333
26379,41.35295
26380,32.2639833333333
26381,35.0704833333334
26382,36.8253
26383,42.1554833333333
26384,32.7981
26398,35.6816833333333
26399,35.3326333333333
26400,35.4534166666667
26401,29.2550333333333
26413,25.4192333333333
26414,29.4076166666667
26415,22.0527666666667
26416,23.1294666666667
26417,28.2669833333333
26418,21.8354166666667
26419,19.9663166666667
26429,35.8618333333333
26430,33.7096357142857
26431,32.8996833333333
26443,29.8542333333333
26444,33.5296166666667
26445,28.0224333333333
26446,28.3751333333333
26447,28.6477333333333
26459,28.0602166666667
26460,39.2176166666667
26461,34.2356333333333
26462,33.3226
26463,31.6991
26464,30.4866166666667
26465,25.9794
26466,24.7396
26467,30.1508166666667
26468,27.9063
26469,27.6075833333333
26470,29.0004666666667
26493,32.1248333333333
26494,39.6382666666667
26495,33.0858833333333
26496,36.5156833333333
26497,33.7216666666667
26498,34.4964333333333
26499,31.9847
26500,23.4149833333333
26510,33.62735
26511,40.6940333333333
26526,34.377
26527,32.0550833333333
26528,24.2666833333333
26529,25.1567
26530,30.2074833333333
26531,33.28115
26541,37.0278833333333
26542,37.1417666666667
26543,37.3429833333333
26544,34.8704833333333
26545,34.2943833333334
26546,35.0167666666667
26547,22.4220166666667
26558,40.073130952381
26559,32.4240833333333
26560,37.2317333333333
26561,22.1745833333333
26568,22.1174833333333
26569,14.6054333333333
26574,26.4845833333333
26575,29.4315333333333
26576,34.4248666666667
26577,22.0483166666667
26578,16.27415
26579,23.5884333333333
26589,30.8850333333334
26590,22.5668
26596,23.13955
26597,20.87065
26606,20.7523666666667
26607,21.9367166666667
26614,23.0332
26615,19.4544
26616,19.5588166666667
26617,17.3296333333333
26618,16.3564666666667
26624,22.7090333333333
26625,15.1200833333333
26706,15.7279166666667
26707,23.1861333333333
26710,18.7816
26711,27.0827
26712,18.7621833333333
26713,15.6271
26714,18.6590333333333
26715,18.8979833333333
26716,16.8080833333333
26719,24.3253166666666
26720,22.9060333333333
26769,21.3953666666667
26770,22.8365333333333
26775,18.4991166666667
26776,19.6815166666667
26777,19.5903166666667
26778,18.4456166666667
26779,18.2924666666667
26812,24.4429166666667
26813,19.6719333333333
26816,30.3511166666667
26817,31.6900333333333
26818,36.2524833333333
26851,23.09765
26856,37.7740666666667
26857,26.8477666666667
26858,34.9556
26859,36.3975333333333
26918,13.21365
26919,14.4712
26924,15.2523666666667
26925,12.7403666666667
26996,21.85735
26997,25.51235
27001,20.8400166666667
27002,22.9300333333333
27003,15.442
27004,19.6332333333333
27005,19.0986
27006,17.6079333333333
27007,15.2135333333333
27011,24.0046333333333
27012,20.5375833333333
27017,22.4548666666667
27025,37.39855
27026,29.6000880952381
27027,39.0379833333333
27058,19.3213833333333
27063,22.2511833333333
27064,21.3327
27067,31.4317333333334
27110,22.1266333333333
27111,18.7478333333333
27112,20.5720666666667
27113,20.7975833333333
27116,21.8882833333333
27117,25.4469666666667
27132,19.17375
27135,42.7428333333333
27136,37.3375333333333
27137,32.6296
27138,31.56605
27139,28.3929666666667
27140,29.45655
27141,26.0529666666667
27142,26.8054166666667
27143,29.33095
27144,26.7001666666667
27145,31.8548666666667
27146,26.2843666666667
27147,23.3161833333333
27148,27.2786833333333
27149,24.3221
27150,23.2527166666667
27151,28.5814333333333
27152,25.3842666666667
27153,27.7834333333333
27154,31.0892
27155,27.1464166666667
27169,23.0651166666667
27170,17.8294
27171,18.8069333333333
27175,26.7460333333333
27176,28.3536166666667
27178,35.2318
27194,20.8244666666667
27197,16.3330666666667
27198,17.3486
27202,34.0181
27223,36.8565666666667
27224,38.2852333333333
27225,39.5686333333333
27226,31.5315333333333
27227,27.5780833333333
27228,31.7631333333333
27258,47.7530333333333
27259,34.5405
27260,35.3595666666667
27261,42.0467333333333
27262,35.0267
27263,29.0012333333333
27284,34.2493833333333
27285,31.67685
27286,29.4947666666667
27287,41.7486666666667
27288,39.24045
27289,15.1105166666667
27290,16.1534166666667
27291,19.3688666666667
27294,20.3866
27330,39.3404333333333
27331,38.8372166666667
27332,38.8710166666667
27333,37.0335333333333
27334,36.0873166666667
27382,16.9184166666667
27383,16.30365
27386,20.7436833333333
27387,30.2116
27388,37.8425833333333
27407,38.4904833333333
27408,42.5348833333333
27409,32.3762
27410,33.6284166666667
27411,35.0999333333333
27412,38.0560833333333
27423,29.3522
27424,33.1892
27425,34.7911166666667
27427,32.8023666666667
27428,26.3984333333333
27429,29.4300333333333
27441,38.0004333333333
27442,39.6941333333333
27443,29.9066
27444,36.1241833333333
27445,40.7544833333333
27472,14.449
27473,15.9901333333333
27474,20.7751
27475,17.23175
27476,19.9048166666667
27477,23.2851166666667
27479,24.2018666666667
27487,14.5456
27517,22.7237
27522,30.3943666666667
27523,35.4301
27524,32.0838666666667
27535,18.3200333333333
27536,23.3374333333333
27539,33.9945
27542,24.2059666666667
27543,26.4008833333333
27578,18.0161833333333
27579,18.3491833333333
27581,22.989
27582,17.7455166666667
27583,18.9909
27584,17.0241
27585,15.8807
27599,20.7174
27600,25.4678666666667
27603,22.4468
27604,24.17515
27624,15.1294666666667
27625,14.8863833333333
27627,16.87225
27628,18.7151833333333
27629,11.56545
27630,14.88325
27658,23.1325666666667
27664,33.7321666666667
27665,36.4727833333333
27666,32.33675
27676,23.9623833333333
27677,22.5643333333333
27678,25.3158333333333
27679,30.04615
27683,35.23005
27684,27.7958333333333
27685,29.0553166666667
27699,25.4791166666667
27700,26.3900833333333
27701,31.12025
27705,23.2849833333333
27706,25.1171
27707,26.7153166666667
27726,35.3119333333333
27727,37.2249666666667
27728,31.0973
27729,19.1764
27730,18.5534333333333
27731,22.7620166666667
27732,28.6627666666667
27744,23.59665
27745,19.0361
27746,15.6067666666667
27747,17.0898166666667
27748,27.4002666666667
27749,23.2352166666667
27750,31.0002666666667
27775,23.6262833333333
27776,34.2891666666667
27777,34.45455
27778,34.7162166666667
27779,41.8991166666667
27793,24.8014833333333
27794,21.6799666666667
27795,26.0941833333333
27797,29.58195
27798,29.5734166666667
27820,25.2918666666667
27821,24.9270666666667
27823,31.12025
27824,21.8146833333333
27825,23.5904
27826,15.9906833333333
27827,23.9059
27878,18.0111333333333
27881,35.6832333333333
27882,39.2657666666667
27883,34.6681
27884,35.3969
27887,18.7277666666667
27888,18.34145
27913,36.8452
27914,35.9328333333333
27915,39.3395166666667
27917,29.3286666666667
27928,25.1260666666667
27929,20.02025
27930,24.9807
27932,34.3486833333333
27933,29.4052666666667
27934,28.9562833333333
27950,27.8038166666667
27951,27.8897166666667
27952,34.83235
27954,24.5918166666667
27955,23.8628333333333
27956,22.7922
27957,24.0244
27972,32.1151666666667
27973,27.1472833333333
27974,27.54495
27975,25.6347
27976,22.0129
27977,21.93745
28006,42.67725
28007,39.57025
28008,34.2236
28009,24.9923
28010,30.6541333333333
28011,34.80265
28025,28.3741333333333
28026,24.3982833333333
28027,22.4068166666667
28028,28.5609166666667
28029,25.1888666666667
28030,31.5972333333333
28048,27.1604666666667
28049,21.4183666666667
28050,25.1196833333333
28051,18.6531833333333
28052,21.8071333333333
28053,23.6925166666667
28063,25.0537333333333
28064,24.9265666666667
28065,22.3495166666667
28066,24.7802
28086,28.2688333333333
28087,21.1885333333333
28088,22.6773166666667
28099,25.2502
28100,24.9174333333333
28101,26.1532833333333
28107,25.5325833333333
28108,20.0381333333333
28109,26.96915
28110,19.9627666666667
28115,18.4229833333333
28116,19.4615833333333
28124,35.55915
28125,40.2485
28126,37.6534
28139,31.92
28140,35.9677833333334
28141,37.2843
28142,36.4683333333333
28153,23.3336166666667
28154,22.1026833333333
28155,27.7503666666667
28156,22.1227666666667
28157,31.65815
28174,32.0184333333333
28175,25.1248166666667
28176,26.5736833333333
28177,22.8198
28178,27.2371666666667
28179,20.4212
28191,40.0183333333333
28192,38.5970166666667
28193,36.24945
28194,33.2697833333333
28195,30.4702833333333
28196,37.6963166666667
28208,27.8029833333333
28209,23.0415833333333
28210,19.93185
28211,21.5128666666667
28212,26.8681166666667
28213,27.9756333333333
28215,30.7394333333333
28231,28.39605
28234,24.8284333333333
28235,24.3798166666667
28236,21.97165
28237,17.371
28238,19.0548166666667
28250,19.9660166666667
28251,21.96095
28252,27.0016666666667
28254,29.4450833333333
28271,35.4135166666667
28272,30.6095333333333
28273,36.60675
28274,31.4840333333333
28275,27.9245166666667
28285,23.0241333333333
28286,26.1341166666667
28287,23.0526666666667
28288,26.9887166666667
28289,29.6827833333333
28290,35.216
28307,28.7758666666667
28308,25.0549166666667
28309,26.36215
28310,23.17965
28311,17.1049666666667
28312,24.0915
28313,23.45695
28329,21.0310333333333
28330,23.2928333333333
28331,19.6331166666667
28332,19.8952333333333
28333,24.9610666666667
28334,27.9038
28343,22.0260666666667
28344,17.96925
28345,21.4875833333333
28346,17.7747
28347,19.5198166666667
28387,30.1936333333333
28388,31.2615166666667
28389,36.1530833333333
28391,29.1783666666667
28392,30.27965
28393,30.1290333333333
28394,29.4878666666667
28404,20.7136
28405,27.1908333333333
28406,23.2456333333333
28408,33.4808833333333
28409,29.519
28410,26.0542166666667
28423,31.0293833333333
28424,31.6974166666667
28425,33.5169666666667
28427,30.0337666666667
28428,29.7329333333333
28429,28.9160666666667
28438,21.3836666666667
28441,31.0902833333333
28442,23.6197166666667
28443,23.03065
28461,29.2268833333333
28462,26.0920333333333
28463,31.4686833333333
28465,27.17575
28466,21.76525
28467,20.6777
28477,27.5687166666667
28493,24.7678833333333
28501,37.41715
28502,39.0724166666667
28503,34.5447333333333
28524,33.2907833333333
28525,38.3390666666667
28526,35.1466833333333
28527,30.7015571428571
28555,36.8207166666667
28556,28.9395666666667
28557,34.5550833333333
28558,36.5636333333333
28559,37.2273666666667
28571,36.5117833333333
28572,37.1589333333333
28573,35.1085
28574,35.69355
28575,30.3563166666667
28576,16.5258833333333
28578,20.6756333333333
28587,38.9655666666667
28588,37.2115
28589,17.9766166666667
28590,16.4591666666667
28591,18.29375
28592,18.4365166666667
28596,24.4288
28599,21.7447
28600,20.9876833333333
28613,23.2733333333333
28617,37.5436833333333
28618,36.7779
28631,37.8384
28632,34.9152904761905
28633,25.0084333333333
28634,30.8049
28635,30.4910833333333
28636,36.5706666666667
28646,36.9323
28647,31.2551166666667
28648,34.3095333333333
28649,30.8077833333333
28650,25.4628333333333
28651,27.5312833333333
28652,23.4106833333333
28654,21.3031
28655,20.0578166666667
28677,21.32385
28678,40.1499666666667
28679,39.8586833333333
28690,35.86775
28691,38.8876666666667
28692,34.1631
28693,31.4092
28694,26.4553166666667
28703,35.7797833333333
28704,35.00855
28705,33.6516333333333
28706,30.4157833333333
28707,28.9156833333333
28708,25.4439
28709,24.0193
28711,19.7850666666667
28712,19.2543166666667
28722,30.6306666666667
28723,37.1763333333333
28724,17.2822666666667
28725,21.8216833333333
28726,18.2331833333333
28727,20.0099833333333
28732,22.2609333333333
28733,21.2593166666667
28734,26.1064
28744,23.8564833333333
28746,22.2342666666667
28747,17.83435
28752,17.7628833333333
28756,21.3389666666667
28757,20.3525333333333
28759,21.9512666666667
28771,23.2967666666667
28772,22.0488333333333
28773,18.8793666666667
28777,29.7041333333333
28778,36.4646333333333
28779,19.6458333333333
28780,18.2157833333333
28781,17.8723833333333
28786,25.6299
28787,20.6322166666667
28788,23.8080166666667
28803,22.35005
28804,20.9849
28805,17.87115
28810,17.7926166666667
28814,21.8698833333333
28815,20.8882
28816,22.15395
28834,36.6526666666667
28835,34.60585
28836,33.5239333333333
28837,34.9094666666667
28843,19.5017333333333
28844,20.0627833333333
28847,21.3489
28848,17.9497166666667
28864,33.4916333333333
28865,36.0270833333333
28866,36.65045
28867,33.31155
28868,31.0788666666667
28884,19.7030333333333
28885,17.4302833333333
28886,21.7084
28888,16.3037166666667
28889,16.0999166666667
28890,17.7582666666667
28891,14.2641333333333
28901,17.5508833333333
28902,18.9760333333333
28903,16.9889666666667
28904,17.3700833333333
28906,25.8607166666667
28907,16.68655
28908,22.0961166666667
28929,31.8428333333333
28930,38.296
28931,34.2659166666667
28932,30.0248
28935,28.2974333333333
28936,26.914
28937,29.0357
28938,32.0393833333333
28939,18.8465833333333
28940,21.6308333333333
28941,19.83355
28947,17.2593333333333
28948,16.7181666666667
28949,19.9748
28970,18.7212333333333
28971,38.9635666666667
28972,38.319380952381
28973,30.1002833333333
28974,33.54345
28975,23.97595
28987,34.7216833333333
28988,35.7473166666667
28989,35.5288595238095
28998,37.173869047619
28999,35.2926833333333
29000,30.3073666666667
29001,28.9388833333333
29002,31.9025333333333
29003,32.3082
29004,19.5886333333333
29007,19.8892833333333
29010,34.1144
29011,33.1201166666667
29015,24.5706666666667
29018,25.95065
29019,35.5360333333333
29020,28.31455
29021,35.8015
29022,22.13055
29023,22.2362333333333
29025,25.9227
29031,33.5680666666667
29032,18.4536333333333
29033,17.8709333333333
29034,20.45375
29035,19.6193333333333
29040,28.3612666666667
29042,22.7165
29043,24.89855
29044,20.6565833333333
29045,22.79105
29047,29.6172
29052,23.19775
29053,24.15165
29054,25.8871666666667
29055,27.1306333333333
29056,23.9747666666667
29057,28.4687
29058,28.50655
29059,26.9249166666667
29060,27.5006666666667
29061,31.6045666666667
29062,19.08985
29063,20.90475
29064,20.2401166666667
29065,24.3067
29066,29.0869333333333
29075,29.5297833333333
29076,22.9876833333333
29077,20.9409666666667
29078,21.3538166666667
29079,20.6861833333333
29080,22.0506
29081,18.3629333333333
29082,23.3963833333333
29083,25.9111
29084,23.5601666666667
29085,27.5599166666667
29086,28.2175
29087,28.5453833333333
29094,27.7192166666667
29095,27.8628166666667
29096,27.7504666666667
29097,23.53715
29098,22.4024333333333
29099,25.1144833333333
29100,21.6748
29101,26.5538166666667
29102,27.0899
29103,28.0344166666667
29104,30.3308
29105,27.0101333333333
29106,25.4163333333333
29107,29.3022833333333
29110,28.4070833333333
29111,22.1801
29114,20.9611166666667
29115,21.88885
29116,23.5757833333333
29117,22.8508166666667
29118,23.1716166666667
29121,26.3643833333333
29122,28.0512833333333
29124,28.7634714285714
29125,30.6584333333333
29126,28.829
29127,14.0226
29128,28.5954166666667
29129,17.15625
29130,18.2055
29131,20.8643333333333
29132,28.3204666666667
29141,10.8432
29158,34.5595666666667
29159,33.0312833333333
29160,33.2826333333333
29162,35.96595
29185,36.61885
29186,32.6976666666667
29187,37.7777333333334
29188,35.1216166666667
29189,30.3915333333333
29190,28.7347833333333
29221,31.13215
29222,27.6275833333333
29223,33.24065
29224,27.8446666666667
29225,24.0399666666667
29226,33.3336833333333
29237,28.3258166666667
29239,32.3163833333333
29240,26.5529
29241,23.65835
29242,26.81985
29243,19.2429666666667
29244,20.1079333333333
29245,15.6960166666667
29246,12.53195
29247,14.94515
29248,10.9399333333333
29249,16.19935
29251,20.1598666666667
29288,16.0842333333333
29290,17.4490166666667
29301,26.2672
29302,26.7758333333333
29304,30.9223
29308,24.05705
29309,21.1915333333333
29332,31.2781666666667
29334,24.2334
29358,24.2508666666667
29359,22.8349333333333
29361,26.7224833333333
29362,23.9651666666667
29363,22.5045666666667
29364,21.4352166666667
29365,20.3848666666667
29373,35.2584666666667
29382,25.4753333333333
29383,26.1942
29388,22.6051166666667
29389,23.61775
29390,19.6506
29412,35.9624666666667
29413,29.5304333333333
29414,31.37955
29415,27.8256666666667
29416,26.72415
29417,28.5491666666667
29418,20.7515
29438,18.6989
29439,20.2210666666667
29440,20.42605
29441,24.6465
29462,13.9696166666667
29463,37.8792333333333
29464,34.2330166666667
29465,40.3132333333333
29477,36.8780666666666
29479,35.3560333333333
29480,36.8469166666667
29491,32.6635166666667
29492,32.17055
29493,34.8561
29494,25.7631
29495,29.9488333333333
29496,27.5593166666667
29497,32.2103
29511,22.2957833333333
29512,24.4476166666667
29514,20.6134333333333
29515,21.5775333333333
29539,27.2279166666667
29540,22.7858333333333
29542,24.7675833333333
29543,36.0353166666667
29544,36.7401833333333
29559,34.3689833333333
29560,35.5519166666667
29561,33.5521023809524
29562,32.5608333333333
29603,22.8408
29608,33.3261666666667
29609,30.2288333333333
29610,39.1551238095238
29611,33.79685
29629,30.9564
29630,25.4639666666667
29631,29.86125
29632,21.6344
29633,25.1282333333333
29634,27.8755166666667
29681,36.25505
29682,36.6053666666667
29683,38.9019833333333
29684,34.8486333333333
29685,35.28425
29686,28.5513
29733,25.5994333333333
29734,24.7830666666667
29735,32.4747166666667
29736,25.3812166666667
29737,34.47815
29738,29.3245333333333
29820,33.1234333333333
29821,37.8590166666667
29844,18.8063333333333
29875,22.04675
29876,19.04235
29877,21.1476666666667
29878,17.9036833333333
29879,15.9013166666667
29880,19.4974333333333
29881,17.2205666666667
29904,22.6709166666667
29905,25.7256666666667
29935,28.7953333333333
29936,26.61555
29937,32.2331833333333
29938,17.5906333333333
29939,26.0559333333333
29940,24.0424
29941,33.3345
29989,33.1751833333333
29990,36.6009
29991,43.8209666666667
29993,29.7995333333333
30028,36.8562
30029,29.0145333333333
30030,35.20715
30031,26.0985833333333
30032,26.5316333333333
30033,29.3270166666667
30034,22.1971333333333
30047,29.2538333333333
30075,20.249
30076,16.5465666666667
30077,18.2685166666667
30078,16.8226833333333
30079,15.0199166666667
30080,12.49445
30098,16.11535
30099,18.5837166666667
30100,17.72545
30101,14.7909833333333
30102,21.5863166666667
30103,20.2596666666667
30104,27.27195
30137,27.8333666666667
30138,23.8344833333333
30139,25.7371833333333
30140,21.0656166666667
30141,23.6295166666667
30189,32.2417333333333
30190,38.9915333333333
30191,32.0864
30192,33.3662333333333
30251,30.9211
30252,27.6898666666667
30253,26.42225
30255,32.35215
30290,43.2662357142857
30291,35.6656
30292,36.3391166666667
30293,34.5327666666667
30294,31.92415
30326,23.1448
30327,25.6540666666667
30328,30.5188833333333
30330,32.9324
30350,29.0862166666667
30352,29.19115
30353,24.7381833333333
30354,17.3162166666667
30355,21.0053333333333
30356,20.8759
30357,20.9900833333333
30414,20.5326666666667
30419,35.7072833333333
30420,28.7330666666667
30421,38.7493833333333
30444,40.9328333333333
30446,36.6143
30447,40.0940833333333
30448,29.3776666666667
30449,33.70235
30450,24.4442666666667
30451,30.1750166666667
30475,39.6197
30476,39.1147333333333
30477,34.7838833333333
30478,28.9203333333333
30479,38.0399166666667
30480,30.5749833333333
30510,17.7067
30511,17.6081
30512,17.5451666666667
30513,20.9497333333333
30515,18.5557333333333
30516,17.6925333333333
30539,22.23905
30540,23.5063166666667
30542,25.8970166666667
30543,18.3272333333333
30544,16.3589166666667
30554,29.5870166666667
30556,28.7127833333333
30557,25.1933666666667
30558,27.2513833333333
30559,27.3112
30560,28.4983
30561,28.9329
30562,24.0113166666667
30564,26.8559833333333
30569,37.83965
30570,20.5851
30580,34.9439
30581,40.2828
30582,35.7815833333333
30583,34.2859666666667
30584,36.1269333333333
30595,28.8975
30596,36.1940166666667
30597,40.1544333333333
30600,25.3716833333333
30601,21.2678833333333
30602,21.9452833333333
30606,19.7994166666667
30607,17.4102833333333
30608,20.9615
30609,20.5371333333333
30670,34.0990166666666
30671,35.4094333333333
30684,35.3156666666667
30685,26.9216833333333
30686,24.9191166666667
30690,26.9555666666667
30691,26.94755
30692,26.8715333333333
30693,27.4471666666667
30711,29.1010666666667
30712,32.3379
30713,29.37105
30714,35.4483333333333
30715,30.00115
30727,22.5809
30728,21.2774333333333
30729,17.7602833333333
30730,18.3866
30731,19.6587833333333
30732,19.65475
30733,19.487
30752,25.7759
30753,23.3519833333333
30754,24.1387
30755,18.3867833333333
30756,17.12285
30769,39.1761
30770,38.3170333333333
30771,33.4069333333333
30772,32.3606833333333
30773,37.7647666666667
30774,28.0010666666667
30775,27.0384666666667
30819,23.0989166666667
30820,22.6413833333333
30821,21.5849833333333
30822,15.4479833333333
30832,19.7871333333333
30833,21.5983666666667
30834,25.43115
30835,30.3926333333333
30851,32.66335
30852,30.7871
30853,26.9678166666667
30854,19.13865
30855,21.6988166666667
30856,19.5082333333333
30869,32.7279166666667
30870,36.3399666666667
30871,38.4639166666667
30872,21.1286666666667
30873,27.9543166666667
30874,32.2297833333333
30875,25.7636833333333
30876,22.3854
30877,20.85755
30878,21.8388333333333
30879,18.8268333333333
30880,23.9277333333333
30882,25.2029333333333
30883,20.3770333333333
30902,20.2522333333333
30903,38.0685833333333
30904,34.9355833333333
30905,38.8063333333333
30917,39.0701666666667
30918,36.5329666666667
30919,34.5889333333333
30920,34.93955
30921,35.58625
30933,32.4470166666667
30934,30.0081
30935,39.2465333333333
30937,27.6780666666667
30938,28.0753333333333
30939,26.9698333333333
30950,40.7382166666667
30951,25.3986
30952,40.31735
30953,27.9999666666667
30954,27.1157833333333
30955,25.5954
30956,27.2080666666667
30992,40.28675
30993,37.81635
30994,34.7908833333333
30995,26.7665166666667
30996,33.25245
30997,33.5883166666667
30998,34.5141666666667
31027,27.8421333333333
31030,23.1882666666667
31031,37.0724666666667
31032,38.1568166666667
31033,33.6188833333333
31062,17.62095
31063,21.5652166666667
31065,30.4565
31066,20.2659666666667
31067,20.5336333333333
31068,18.4275833333333
31089,37.6625666666667
31090,38.5642666666667
31091,38.4451666666667
31092,30.63325
31102,18.8684
31103,25.03625
31104,21.1520833333333
31105,23.5273666666667
31106,26.5415333333333
31107,23.5647666666667
31109,27.1924
31124,40.0567
31125,37.6977166666667
31135,22.7134166666667
31136,27.54415
31139,35.7149166666667
31142,32.0365333333333
31143,26.4162166666667
31166,28.9690166666667
31168,33.3412833333333
31169,27.6086666666667
31170,23.9194166666667
31171,23.8934833333333
31191,26.1927333333333
31192,22.0866333333333
31193,27.9097166666667
31194,36.0028833333333
31196,31.82755
31197,26.7968833333333
31219,40.0909
31220,34.1537833333333
31221,32.2812833333333
31222,26.7340833333333
31242,41.5349523809524
31243,29.165
31244,30.8247166666667
31245,31.8861333333333
31246,33.6429333333333
31276,23.7267166666667
31277,28.7978166666667
31278,26.6421
31280,29.29575
31301,23.06475
31303,23.58075
31304,19.4741666666667
31305,18.5432333333333
31306,18.58455
31307,17.3949833333333
31324,18.49685
31327,19.5166833333333
31354,32.2645166666667
31356,26.57065
31357,21.7390666666667
31358,21.762
31359,21.5588
31360,24.4270333333333
31361,22.22615
31402,38.9253833333333
31403,35.7992833333333
31404,34.92995
31405,30.4818833333333
31406,28.59775
31407,32.5423333333333
31563,15.4993333333333
31564,16.1625
31565,13.9156666666667
31566,18.4725
31572,20.0333333333333
31786,13.3908333333333
31787,22.4843333333333
31788,19.8591666666667
31789,22.3011666666667
31790,21.2698333333333
32116,21.8456666666667
32117,18.7096666666667
32118,19.652
32119,18.2686666666667
32120,20.0443333333333
32272,20.2826666666667
32273,20.1855
32274,21.8381666666667
32276,14.7928333333333
32277,15.5533333333333
32278,19.2503333333333
32279,17.141
32512,18.7871666666667
32513,18.5461666666667
32514,22.815
32516,17.2851666666667
32517,17.4693333333333
32593,15.7633333333333
32594,15.7553333333333
32596,17.949
32597,14.2478333333333
32598,17.3191666666667
32604,17.5821666666667
32715,19.567
32716,18.9118333333333
32717,22.0753333333333
32719,20.3355
32720,17.1288333333333
32788,14.8855
32790,14.432
32791,15.1241666666667
32792,16.943
32872,21.6485
32873,24.7881666666667
32874,19.755
32875,19.2363333333333
32876,16.972
32877,14.9513333333333
32878,15.435
33013,22.504
33014,27.1973333333333
33015,18.2546666666667
33016,18.6115
33017,20.9801666666667
33018,22.3691666666667
33074,18.8623333333333
33075,19.4111666666667
33077,22.4896666666667
33078,17.954
33079,16.0063333333333
33080,14.0135
33081,16.0238333333333
33159,12.1536666666667
33160,12.9403333333333
33162,12.8598333333333
33163,12.7931666666667
33169,20.9
33274,14.2648333333333
33275,19.6138333333333
33276,14.163
33280,18.7388333333333
33281,18.7465
33283,19.6876666666667
33408,22.2591666666667
33954,17.5796666666667
33955,18.4758333333333
33957,17.0813333333333
34195,22.7701666666667
34196,16.8986666666667
34197,17.3693333333333
34198,16.0095
34199,15.8575
34200,13.644
34201,16.3356666666667
34229,26.8621666666667
34230,18.988
34282,18.476
34284,17.0463333333333
34285,15.4511666666667
34330,14.3076666666667
34331,15.492
34333,14.5613333333333
34334,21.219
34393,13.7625
34395,14.042
34396,14.1435
34397,12.002
34450,20.1226666666667
34451,16.8595
34452,15.806
34453,15.8833333333333
34454,22.605
34455,22.5088333333333
34457,22.953
34510,15.3136666666667
34511,16.2435
34512,14.1763333333333
34517,13.0333333333333
34518,15.8226666666667
34545,22.3566666666667
34546,25.4931666666667
34547,21.8533333333333
34548,23.733
34549,22.3208333333333
34550,17.9636666666667
34551,15.2073333333333
34648,19.0975
34650,16.9813333333333
34651,17.7925
34652,16.573
34653,23.5738333333333
34690,13.7966666666667
34691,14.6498333333333
34692,14.781
34693,18.6
34694,18.761
34696,20.8723333333333
34742,12.6818333333333
34744,21.79
34745,22.7175
34761,16.642
34762,15.5091666666667
34763,14.8253333333333
34764,16.078
34766,18.1068333333333
34767,17.9923333333333
34768,16.9963333333333
34786,13.664
34792,22.6905
34793,18.4228333333333
34794,23.7805
34795,22.9276666666667
34811,12.076
34812,12.1556666666667
34818,13.6375
34819,13.275
34836,16.1668333333333
34837,19.9755
34841,18.2335
34842,17.5406666666667
34843,14.7563333333333
34877,16.5245
34878,15.2648333333333
34880,14.0528333333333
34895,13.2596666666667
34896,13.3686666666667
34897,14.938
34898,11.7635
34899,13.4233333333333
34901,16.303
34902,16.037
34926,23.0563333333333
34927,18.6998333333333
34929,17.1261666666667
34930,14.2245
34931,18.5591666666667
34932,17.0075
34933,15.6321666666667
34947,15.5223333333333
34948,14.3485
34954,21.9903333333333
34955,22.1291666666667
35017,20.1431666666667
35018,22.4185
35019,23.1931666666667
35020,22.5265
35034,12.4561666666667
35035,13.2405
35036,13.6403333333333
35038,12.6035
35039,16.371
35062,24.2465
35063,18.6523333333333
35064,20.4821666666667
35065,20.7541666666667
35066,15.4555
35067,15.3381666666667
35096,9.96633333333333
35097,11.1941666666667
35098,12.0603333333333
35099,11.1013333333333
35100,12.774
35101,14.3496666666667
35102,13.6638333333333
35129,20.324
35130,19.2156666666667
35131,23.5828333333333
35132,19.0636666666667
35133,17.1978333333333
35148,12.5235
35154,16.673
35155,18.7513333333333
35156,22.1696666666667
35157,20.0815
35158,19.6486666666667
35176,12.999
35177,12.9966666666667
35179,26.1301666666667
35180,22.0715
35181,21.316
35191,12.1406666666667
35192,13.4898333333333
35193,13.8635
35194,15.8175
35195,17.9245
35197,16.9786666666667
35198,17.451
35215,21.0121666666667
35216,20.4058333333333
35218,19.0671666666667
35219,19.8988333333333
35220,15.9543333333333
35221,13.9301666666667
35222,14.7593333333333
35242,25.2321666666667
35273,10.103
35274,10.5546666666667
35275,9.677
35276,9.786
35277,9.98266666666667
35278,10.4593333333333
35279,12.3465
35280,12.5351666666667
35281,14.8028333333333
35282,15.3453333333333
35292,12.8903333333333
35306,16.7733333333333
35307,14.8056666666667
35308,18.8311666666667
35312,19.0398333333333
35313,22.516
35345,18.726
35346,20.1601666666667
35347,22.5141666666667
35348,15.136
35349,16.0338333333333
35359,23.0453333333333
35360,20.1093333333333
35361,15.47
35362,17.5163333333333
35363,18.998
35364,18.7658333333333
35365,21.8448333333333
35376,19.7706666666667
35377,22.2955
35379,19.1846666666667
35380,15.588
35381,17.5793333333333
35382,15.1525
35383,14.3993333333333
35401,22.3033333333333
35402,19.4876666666667
35403,16.9743333333333
35404,18.5118333333333
35405,20.3076666666667
35406,17.9693333333333
35407,17.3706666666667
35421,15.3005
35434,23.3115
35435,24.3011666666667
35436,20.3056666666667
35437,20.421
35438,19.325
35440,14.9781666666667
35451,21.2213333333333
35452,20.005
35453,20.2176666666667
35469,22.6806666666667
35470,21.1566666666667
35471,18.9408333333333
35472,15.3878333333333
35473,20.6943333333333
35474,21.6746666666667
35475,17.4766666666667
35485,17.2913333333333
35486,22.283
35488,16.017
35489,15.7583333333333
35490,20.2455
35491,17.887
35492,17.5423333333333
35498,13.6315
35504,18.778
35505,19.1275
35506,20.2375
35507,16.4563333333333
35508,14.8951666666667
35509,15.7751666666667
35510,12.7998333333333
35511,13.2951666666667
35514,17.4565
35515,17.003
35529,21.4031666666667
35530,22.9675
35531,17.2641666666667
35532,17.8571666666667
35533,20.5511666666667
35534,17.8975
35535,16.2561666666667
35545,22.8593333333333
35546,20.8813333333333
35548,20.0161666666667
35549,20.1998333333333
35550,18.8643333333333
35551,16.384
35552,10.4256666666667
35553,11.2153333333333
35555,10.3128333333333
35556,11.385
35573,11.4566666666667
35574,11.908
35576,22.7801666666667
35577,18.5661666666667
35579,11.8425
35580,10.685
35589,20.0706666666667
35590,21.5258333333333
35591,18.9105
35597,13.8895
35601,20.1268333333333
35602,23.4731666666667
35604,11.2991666666667
35612,22.733
35613,18.6438333333333
35614,12.7235
35615,10.9411666666667
35621,12.8135
35622,11.1453333333333
35627,22.4691666666667
35629,11.5506666666667
35636,23.011
35637,19.6721666666667
35638,19.6828333333333
35639,14.239
35645,15.3646666666667
35646,14.2478333333333
35648,21.189
35649,19.3166666666667
35650,17.7563333333333
35651,18.3526666666667
35652,15.1986666666667
35653,21.7456666666667
35654,19.5551666666667
35655,13.808
35664,22.8245
35665,20.5176666666667
35666,21.9223333333333
35667,13.9838333333333
35668,14.2568333333333
35669,11.9725
35670,10.6085
35677,11.291
35681,15.1365
35682,15.973
35689,12.4241666666667
35690,23.3063333333333
35691,19.0881666666667
35692,13.9191666666667
35693,15.9216666666667
35694,12.7481666666667
35701,16.0713333333333
35702,17.4011666666667
35703,21.7413333333333
35707,19.0456666666667
35708,12.3261666666667
35709,14.1541666666667
35710,13.8218333333333
35711,12.023
35712,13.3563333333333
35718,13.8258333333333
35719,13.3226666666667
35734,16.3826666666667
35735,12.849
35736,14.1138333333333
35738,19.8445
35739,20.3548333333333
35740,19.7645
35741,15.3515
35749,20.6323333333333
35750,21.274
35751,21.4383333333333
35752,24.1683333333333
35761,15.3625
35762,14.734
35767,18.7435
35768,18.8688333333333
35769,18.9135
35770,13.5976666666667
35771,13.2268333333333
35772,14.3606666666667
35773,15.5225
35774,15.9833333333333
35777,18.7256666666667
35780,15.9693333333333
35787,22.3311666666667
35788,21.948
35789,20.3755
35790,19.5791666666667
36321,16.4896666666667
36322,14.8878333333333
36323,12.954
36324,12.8468333333333
36325,13.606
36618,14.6806666666667
36619,14.467
36620,14.707
36627,21.5196666666667
36715,17.8261666666667
36716,18.651
36717,14.9523333333333
36718,13.8778333333333
36719,16.3868333333333
36720,16.6311666666667
36855,17.6016666666667
36856,21.4915
36857,18.2745
36858,17.9711666666667
36859,18.626
36860,21.102
36861,14.2928333333333
37023,20.037
37024,19.0288333333333
37026,16.2618333333333
37027,15.807
37028,15.351
37029,15.0243333333333
37030,13.8198333333333
37350,18.893
37351,22.1373333333333
37352,18.8091666666667
37353,18.2488333333333
37354,20.091
37355,18.7615
37356,21.4998333333333
37357,21.0138333333333
37358,17.5093333333333
37359,14.0908333333333
37360,18.4503333333333
37361,18.1163333333333
37362,15.1378333333333
37363,19.5201666666667
37364,18.5861666666667
37365,19.6571666666667
37366,16.6333333333333
37367,16.2088333333333
37368,14.8233333333333
37369,18.7478333333333
37370,17.7918333333333
37371,20.2868333333333
37372,19.8626666666667
37373,18.8085
37374,20.7503333333333
37375,21.2386666666667
37376,17.0293333333333
37377,16.676
37378,17.959
37380,15.1093333333333
37381,18.4301666666667
37382,17.8911666666667
37383,15.985
37384,17.6475
37385,14.9166666666667
37386,18.8643333333333
37387,17.6005
37388,17.972
37389,17.81
37390,17.1442380952381
37391,18.3195
37392,18.5625
37393,20.8051666666667
37394,17.4056666666667
37395,20.9773333333333
37396,19.341
37397,20.452
37398,21.5656666666667
37399,17.5941666666667
37400,20.541
37401,20.6521666666667
37402,18.682
37403,18.364
37404,17.8623333333333
37405,18.4895
37406,19.1863333333333
37407,17.9826666666667
37408,19.3758333333333
37409,18.0241666666667
37410,17.7811666666667
37411,17.4276666666667
37412,18.0048333333333
37413,19.3088333333333
37414,18.935
37415,18.4531666666667
37416,19.2703333333333
37417,20.075
37418,17.7171666666667
37419,20.8216666666667
37420,19.7061666666667
37421,19.3266666666667
37422,18.4478333333333
37423,15.8746666666667
37424,12.4796666666667
37425,15.0663333333333
37426,17.3296666666667
37427,17.3168333333333
37428,19.3991666666667
37429,16.7973333333333
37430,17.3801666666667
37431,17.7383333333333
37432,18.4131666666667
37433,17.1628333333333
37434,21.8275
37435,15.3691666666667
37436,19.7958333333333
37437,19.6051666666667
37438,18.4678333333333
37439,19.1183333333333
37440,20.5935
37441,18.724
37442,17.3118095238095
37443,19.7735
37444,19.1701666666667
37445,17.7678333333333
37446,19.5513333333333
37447,19.2486666666667
37448,19.551
37449,19.711
37450,17.911
37451,20.0206666666667
37452,18.6671666666667
37453,19.1006666666667
37454,20.2986666666667
37455,19.8536666666667
37456,19.144
37457,19.9235
37458,20.2303333333333
37459,19.5295
37460,18.947
37461,19.266
37462,20.0291666666667
37463,20.0551666666667
37464,18.6801666666667
37465,17.5208333333333
37466,15.81
37467,22.5693333333333
37468,14.4796666666667
37469,18.5763333333333
37470,18.0886666666667
37471,16.0176666666667
37472,16.3181904761905
37473,18.3918333333333
37474,14.6116666666667
37475,16.2341666666667
37476,15.9585
37477,15.5756666666667
37478,17.5143333333333
37479,16.069
37480,15.9195
37481,16.8013333333333
37482,18.0181666666667
37483,17.868
37484,19.3196666666667
37485,20.0771666666667
